id,name,address,giveReceived,givePercentage,codeReceived,codePercentage
13579,Alex1237#2487,0xc8f20c9105410069c11eded2c05e1b2608103b25,1116,0.03936646795301422,39366.46795301422,0.007873293590602843
13765,joshcs.eth,0x186ea56f0a40c5593a697b3e804968b8c5920ff3,1065,0.0375674626970969,37567.4626970969,0.007513492539419379
13717,Narb#2669,0x9934f8ccfdf5e008ac8c07bf00582a833cd33b99,901,0.03178242618787259,31782.42618787259,0.006356485237574518
13815,0xpaulie.eth#9638,0x64ae4fd3e9906ee4a0189e3a393d19b3e35cdb67,763,0.026914529613037495,26914.529613037495,0.005382905922607499
15124,script.money,0x49e53fb3d5bf1532febad88a1979e33a94844d1d,754,0.026597058097287383,26597.058097287383,0.005319411619457476
13626,jazza.eth#0178,0x95e17e827df0b113d11d48ee1771ff134f770da9,737,0.025997389678648276,25997.389678648276,0.005199477935729655
13611,Dhaiwat10#1259,0x0ed6cec17f860fb54e21d154b49daefd9ca04106,710,0.02504497513139793,25044.975131397932,0.005008995026279587
13601,colin4ward#6586,0x57dfa643313140b667df0811d7c70f67aa766038,708,0.024974425905675685,24974.425905675685,0.004994885181135137
14062,Ryancoordinator#3991,0x816a7dccddb35f12207307d26424d31d2b674dff,624,0.02201135842534128,22011.35842534128,0.004402271685068257
13649,nathanng.eth#1959,0xec57157adeb11f9822039a48a97b365bc22cbc49,480,0.016931814173339447,16931.814173339448,0.0033863628346678895
14066,Raza,0x1337c0ded812f195c75f17be485bfc61ab49c7f9,453,0.015979399626089102,15979.399626089102,0.0031958799252178203
13654,pbillingsby.eth#3207,0x4271b13727994c0a7d27bd536d612e1a82569a8f,334,0.011781720695615366,11781.720695615366,0.002356344139123073
13591,brianfive#6583,0x08f9edd4feb42efc388818e68dd525e87462fdb1,325,0.01146424917986525,11464.24917986525,0.00229284983597305
14170,codingwithmanny,0xb7ae5de3e843a26ca764605f6bec916701f88556,313,0.011040953825531765,11040.953825531766,0.0022081907651063533
15416,0xDevGua,0x97aa098205cc4f50eeb2cdbfa095f4ab239fd82b,313,0.011040953825531765,11040.953825531766,0.0022081907651063533
13570,0xJof#7453,0x590724102b617a8d2caa13684c76acae4ca893f1,311,0.010970404599809518,10970.404599809517,0.0021940809199619033
13768,carlomigueldy.eth#1262,0x3e8c686f499c877d8f4afb1215b6f0935796b986,310,0.010935129986948393,10935.129986948394,0.0021870259973896787
14074,drop_knowledge.eth#0001,0xe0450b049f70841aec78ac6e3db7b0a753e22357,306,0.010794031535503897,10794.031535503897,0.0021588063071007794
15371,sarahz.eth,0xf1eb2d9b9496813d9579048f19b07850947cf002,298,0.010511834632614908,10511.834632614908,0.0021023669265229816
14182,daocoin#1737,0x3401fa8dd22e32b0853354a4cd17681bdc520615,297,0.010476560019753783,10476.560019753782,0.0020953120039507566
13641,m4rio.eth ·µç·µê#0001,0xc8e2806a97413b5496a1ba6050b517cc98d0efca,293,0.010335461568309287,10335.461568309287,0.0020670923136618573
15153,abyssus.bit#9947,0x01ac3ff155739d34948f1af53f24524149c9d928,284,0.010017990052559173,10017.990052559173,0.0020035980105118346
13655,PeterPan#2344,0xe32bac6e393199bb3881187f4feb52e28e973870,275,0.009700518536809059,9700.518536809059,0.0019401037073618118
13767,nas#9634,0x52217bad145a7a80d510f24a9572781d260f33d3,275,0.009700518536809059,9700.518536809059,0.0019401037073618118
13718,josevelez.eth#7569,0x564b1ac3ac8407db3377bec75ad7062164c82db0,272,0.009594694698225686,9594.694698225687,0.0019189389396451373
13583,angel gomez#5685,0xa1ca8926c1a9a78a3effae666e57b0065d78a604,252,0.00888920244100321,8889.20244100321,0.001777840488200642
14730,aarvay,0xb698be40b6ff59cecdc5472bcc6ba5dc8c087786,236,0.008324808635225228,8324.808635225228,0.0016649617270450457
13660,rasmuscnielsen#2349,0x87666ede056dd739d36420eaac7245d521925835,233,0.008218984796641857,8218.984796641857,0.0016437969593283714
14202,_Alan#9544,0xadcf9a5c1b00f4375568b35cb26609b0762657ca,232,0.008183710183780732,8183.710183780732,0.0016367420367561464
14231,xpjmgs.eth,0xebec61e71c471ec30083a53675bec64358dc1605,230,0.008113160958058484,8113.1609580584845,0.001622632191611697
13631,K.#1570,0xb7ee0b6889cd0590a590aab01485ea164db03307,211,0.007442943313697132,7442.943313697132,0.0014885886627394264
14067,emmbodiment#4333,0xc62e3910b060205fde6a02b2352d82019e843cc0,210,0.007407668700836008,7407.668700836009,0.0014815337401672018
13677,tonyolendo#5739,0x7f4a86478cdd09aae270bf3800e06e67db50c76d,208,0.00733711947511376,7337.11947511376,0.001467423895022752
14504,NewageSage,0x7b072a6a022478446ac76b01aa8e75ee547cc0f7,207,0.0073018448622526365,7301.844862252637,0.0014603689724505273
15384,MichelleBakels#9769,0x78798e79e356005802dc9a6f1c9f76f61ad35887,203,0.007160746410808142,7160.746410808142,0.0014321492821616284
14059,0xjayhtdm#4846,0x9d85ed0d612ab149bbe1a38a3fc72aae3cac13f1,200,0.00705492257222477,7054.92257222477,0.001410984514444954
14407,hxy,0x00e42ed4f0815841aef328f294c8fd6100bf6bea,199,0.007019647959363646,7019.647959363646,0.0014039295918727292
13622,goldzulu#6057,0x57542716ca595fda87e031702fc0684df6754554,196,0.0069138241207802745,6913.824120780275,0.001382764824156055
13902,MOHŒîMŒûD SŒîDIQ#0375,0x839490024e467fa3bac54eccb2a1c37eb3b7a88d,191,0.006737451056474655,6737.451056474655,0.001347490211294931
14405,okcpbit,0x4525508a8d34d75ce7feb3afe254f936e70e9a18,191,0.006737451056474655,6737.451056474655,0.001347490211294931
14408,hxy,0x0a51449654b8f2364931db66cb2b35bc66a66eba,188,0.006631627217891283,6631.627217891283,0.0013263254435782565
14429,chenyucong111#2935,0x17351248aadc7c33562e0e303c28288eb19cc8f1,186,0.0065610779921690355,6561.0779921690355,0.001312215598433807
13616,embiem#8821,0xea5aae54cf3d2519b9c2a48952fc0af65cf0ee55,176,0.006208331863557797,6208.331863557797,0.0012416663727115593
13633,gjsyme | #496,0x46f8351307482c162d7267f0fe08d5efd8ba3bf1,174,0.00613778263783555,6137.782637835549,0.0012275565275671099
14401,zhybigcoin,0x0f3e2ea3f28704d99629a4bc6279d98b691b840e,172,0.006067233412113302,6067.233412113302,0.0012134466824226605
14307,Alex245#0896,0x6085d7ef56be668f1a6d5f1e7858b71df853e39f,168,0.005926134960668807,5926.134960668807,0.0011852269921337614
13581,andreiv#4775,0xa93ae3a2ce1714f422ec2d799c48a56b2035c872,166,0.005855585734946559,5855.58573494656,0.001171117146989312
13610,Derked,0x6fe6a50f1017d485a2750f1a69273d82b50f54c6,165,0.005820311122085435,5820.311122085435,0.0011640622244170871
13646,medusas brother#0268,0x2a1838745821fe8b26220b43290ef8003a27c543,160,0.005643938057779816,5643.938057779816,0.0011287876115559632
14703,skyone#8140,0x8a09fb23e1c8d0ff9c9fef0bcfc9b9e07b1f0667,156,0.00550283960633532,5502.83960633532,0.0011005679212670641
13627,JDüï∂#4997,0xdfa7d985aa3c73e6cd87cc088943627427c56c9e,155,0.005467564993474196,5467.564993474197,0.0010935129986948393
13624,huangnanlv#3205,0xac57c093c9e914e338cfa75e2803c0ba6f324426,155,0.005467564993474196,5467.564993474197,0.0010935129986948393
13573,1234sed#8770,0xbcd2b563cdf515a52f64d2ef9e943b81beb91ce3,153,0.005397015767751949,5397.015767751948,0.0010794031535503897
13658,rahat#6335,0x322af0da66d00be980c7aa006377fcaaeee3bdfd,153,0.005397015767751949,5397.015767751948,0.0010794031535503897
14772,DAppaDan#8403,0x24bf6580ed276b6ff33269dd361ee00fe3a2c912,153,0.005397015767751949,5397.015767751948,0.0010794031535503897
14306,jiak#2805,0x37bc0f3ca2087d80e04c8f1f58f99fb9b598bd99,152,0.005361741154890825,5361.741154890825,0.001072348230978165
14850,cwong.eth,0xdb48c58b7689b4b99d2bd062fc03c1297b8b302d,145,0.005114818864862958,5114.818864862958,0.0010229637729725917
14406,vbiteth,0x17adbfe094b96e3665737597f673532c14c41883,145,0.005114818864862958,5114.818864862958,0.0010229637729725917
14430,c8779026#,0x86eb7842c9c5e9e8bd794b0586a06d0ddb18655a,142,0.005008995026279587,5008.995026279586,0.0010017990052559173
14559,Token.Garden#6351,0x54b6032105a6dbdcdb21ad4a2707a8909af153d7,142,0.005008995026279587,5008.995026279586,0.0010017990052559173
13673,Tao#2533,0x241e25c9d15b5e7fb007b5e028c4ce8694893870,141,0.004973720413418463,4973.720413418463,0.0009947440826836927
15498,HenryL,0x10ea167893cb51500ec829222e3d17a968feb650,140,0.004938445800557339,4938.445800557339,0.0009876891601114678
13682,waxy#0208,0x505c2b951d87b8969b1aa797997b96e5471a4e46,135,0.004762072736251719,4762.072736251719,0.0009524145472503438
13672,sylksie#3878,0x64dcdba9e1ef3a37255a7a1b57aa157056ee033b,135,0.004762072736251719,4762.072736251719,0.0009524145472503438
13766,rebekah,0xfc5446efe679f109f2772e45ea623caa63791d5e,133,0.0046915235105294715,4691.523510529471,0.0009383047021058943
13652,NoahH#7223,0xc90c74fac03a1fd3d43ac94418019901f6a8dd56,133,0.0046915235105294715,4691.523510529471,0.0009383047021058943
13578,akxakxll‚≠ê#3170,0xb2f456886367c8e50566377ec6d9293d4da5bb81,133,0.0046915235105294715,4691.523510529471,0.0009383047021058943
14503,suzumiya#6443,0x2c17c733cefc0e618850b546d9df53cdbfa29725,131,0.004620974284807225,4620.974284807225,0.000924194856961445
13576,aesthytik#0191,0x8931d7f08fe5b04b3dfdf6ae694e4f20403cbd7f,130,0.004585699671946101,4585.6996719461,0.00091713993438922
13684,willworth#8430,0xb634af3ea952ae0d34932be1b2d1d2c8993def90,128,0.004515150446223853,4515.150446223853,0.0009030300892447705
15379,8F_0x5D#0382,0xbf1a984d641c0718a1ca48c8a5d76d569c79af17,123,0.004338777381918233,4338.777381918233,0.0008677554763836466
13853,souravinsights.eth,0xf95f8038eb7874cde88a0a9a8270fcc94f5c226e,121,0.004268228156195986,4268.228156195985,0.0008536456312391971
13600,CodePerfect#6638,0xf1086de491a6e986c058ce91e2757ded0d4e8366,119,0.004197678930473738,4197.678930473738,0.0008395357860947475
14709,Â∞æJ#8405,0x25619981ba7872278615de45966bd7ce248f1553,119,0.004197678930473738,4197.678930473738,0.0008395357860947475
14526,xihari.eth#3362,0x299e6717bda29b742bceb3eb3ac36eba9ad9ab31,116,0.004091855091890366,4091.855091890366,0.0008183710183780732
14419,Isiah,0x6a932f0ae2a7a49fb24b70c8eef6ec0808163345,115,0.004056580479029242,4056.5804790292423,0.0008113160958058485
15428,c8779026#,0x0519fac64f8c4e99f598611aaa959aa0dce36371,114,0.004021305866168119,4021.3058661681193,0.0008042611732336239
14869,Bright,0xad824fad1bbd09d833a0386545ca98c3a1f60a1f,112,0.003950756640445871,3950.756640445871,0.0007901513280891742
15940,Nori,0x9eed555a7b54471a0808cec8d176980323674bc8,110,0.0038802074147236236,3880.2074147236235,0.0007760414829447247
16626,bixiÔºàüêá,üé©Ôºâ#2334,0x43a4878215b0fb9bf687b5a7338d5d24d33dffb1,109,0.0038449328018624997,3844.9328018624997,0.0007689865603725
13632,kaxline#0653,0x6002ca2e11b8e8c0f1f09c67f551b209eb51a0e4,107,0.003774383576140252,3774.383576140252,0.0007548767152280504
13664,ropats16#1743,0x755ee2e014ddf1b5903cb4ee6e51680a5a34c978,103,0.0036332851246957563,3633.285124695756,0.0007266570249391512
14713,yjhteermo,0xdfff531873b104db994e69241830bd04c389d9df,102,0.0035980105118346324,3598.0105118346323,0.0007196021023669264
14708,nightowl,0xdd59f271e2c905148dac57416d3ce781f8a39342,102,0.0035980105118346324,3598.0105118346323,0.0007196021023669264
14710,hutsenamis,0xe894ec45fab106b9ecba507f050a4e107d29189a,101,0.003562735898973509,3562.735898973509,0.0007125471797947018
16668,0xArthur.xyz,0xcf941f3e6a147eb62c0f978cadced28e30f0d446,100,0.003527461286112385,3527.461286112385,0.000705492257222477
14715,mattox,0x11a0c86b9af717484973ae290c69d53b95fd9528,100,0.003527461286112385,3527.461286112385,0.000705492257222477
13574,7i7o#9634,0xca0f403d2a602e4d8c0a6a984b973d7958fbf463,100,0.003527461286112385,3527.461286112385,0.000705492257222477
13577,ahmad#7204,0x33878e070db7f70d2953fe0278cd32adf8104572,99,0.003492186673251261,3492.1866732512613,0.0006984373346502523
16625,Â∏ÅÂ∞èÔºàüêá,üé©Ôºâ#9172,0x70f9e695823a748d0f492c86be093c220a8d487a,98,0.0034569120603901373,3456.9120603901374,0.0006913824120780275
13647,Michael Macaulay#9947,0x7aff5fde4312ac9874b89b2ba0ce1fa269b80de1,97,0.0034216374475290134,3421.6374475290136,0.0006843274895058027
13608,daviddale.eth#1022,0xd6e4b6add79ef60714886ad59728e55fbb89636b,93,0.0032805389960845178,3280.5389960845177,0.0006561077992169036
13588,bobbay#4885,0x11b8cc31f483cdf4741de8f3559a472e5fe2299a,91,0.0032099897703622704,3209.9897703622705,0.0006419979540724541
13650,NanHai#7360,0xca0b1929a9eafcee7d676c95bd65c814d0da93b1,90,0.0031747151575011465,3174.7151575011467,0.0006349430315002293
15312,daicoin#8665,0x6c13fc8ef50144a21702415d57ece0a09879fcfb,89,0.0031394405446400226,3139.4405446400224,0.0006278881089280045
13645,MartinB#3285,0x60e9301074973bd9f2d5a03e84a75d1d462a0610,88,0.0031041659317788987,3104.1659317788985,0.0006208331863557797
15309,aiyawoqu,0x6921340c3528d7aa848cdb1d455646b9e40b70cd,87,0.003068891318917775,3068.8913189177747,0.0006137782637835549
15347,aiyawoqu,0x6921340c3528d7aa848cdb1d455646b9e40b70cd,87,0.003068891318917775,3068.8913189177747,0.0006137782637835549
13656,poapswap.eth#5594,0x02e052679578006663d478fae910081209b4026c,86,0.003033616706056651,3033.616706056651,0.0006067233412113302
16623,King | Bobomaid#3579,0x66e9f0b2079fc5acf5583d394436c9e21a9e9c57,85,0.002998342093195527,2998.342093195527,0.0005996684186391054
14210,CMH,0x72ca8cecae2a33f390f7ef6c3b5b4e0b036b14ef,85,0.002998342093195527,2998.342093195527,0.0005996684186391054
16627,King | Bobomaid#3579,0x66e9f0b2079fc5acf5583d394436c9e21a9e9c57,85,0.002998342093195527,2998.342093195527,0.0005996684186391054
13596,ChauzeixT#8128,0x2b58c475f9917be368e153cf489e2310e3934d29,83,0.0029277928674732796,2927.79286747328,0.000585558573494656
14174,2084#9388,0x5952788924bf35b85d2baa9509349baaf3159cd7,82,0.0028925182546121558,2892.518254612156,0.0005785036509224312
15445,notnil#8696,0x2ae18bb021953428cc4df9f1f4c0797f8e8eabec,81,0.002857243641751032,2857.2436417510316,0.0005714487283502063
13662,redshirt#9028,0x6a4791244541227a3d80d5f5bb07b0ab7295f753,81,0.002857243641751032,2857.2436417510316,0.0005714487283502063
14400,facaidada#4432,0xe3e02123a4126de661af887eee222498c6442ffc,80,0.002821969028889908,2821.969028889908,0.0005643938057779816
16624,lubtc,0xffe885e77fd52cc2821ad2b7eef0051c53f4930e,80,0.002821969028889908,2821.969028889908,0.0005643938057779816
13657,pumatus#3391,0x1b3dff537b7d46a0d30b1d20b101c483586747aa,79,0.002786694416028784,2786.694416028784,0.0005573388832057568
13678,tranqui.eth#9635,0x806164c929ad3a6f4bd70c2370b3ef36c64deaa8,78,0.00275141980316766,2751.41980316766,0.0005502839606335321
13659,randyhobbs.eth#7537,0x0e215844c1b0f1fe5863a8545235b6de33315d28,78,0.00275141980316766,2751.41980316766,0.0005502839606335321
13604,CWEXÔΩúDun Lee#6280,0x5e2f5601a5074accdfe4f79d2cd5e5cb24672c28,77,0.0027161451903065363,2716.1451903065363,0.0005432290380613073
13594,calvaz#3916,0x194a494753f512df2ee2114307b36d5620c04137,77,0.0027161451903065363,2716.1451903065363,0.0005432290380613073
15230,BeiMing,0xadd4d63e07bad8539db75166e80a2b0760b60e22,76,0.0026808705774454124,2680.8705774454124,0.0005361741154890825
15313,MKDFN#0294,0x2a2cb6d5b469baeb5daabbd0bce297fd7041254a,75,0.002645595964584289,2645.595964584289,0.0005291191929168578
13571,@jialei12138#7936,0x9f2567154cbc7dbfcd4b7585f082c58f2aad2ecb,74,0.002610321351723165,2610.321351723165,0.000522064270344633
16635,zijianfeiwu,0x9a5b22e70d1513d1671ea4b70861b9dd4044af86,73,0.002575046738862041,2575.046738862041,0.0005150093477724082
16584,qingdeng,0x416365993481e52e0472e7417656276d4e147a00,72,0.002539772126000917,2539.772126000917,0.0005079544252001835
15185,fage,0x0efb002736b5bb34d190f00ca50ad42b0b1c6489,71,0.0025044975131397933,2504.497513139793,0.0005008995026279586
13606,Daeshawn#9057,0x073f6cbc0cc05b09fc3749aeb230d01d74db219d,71,0.0025044975131397933,2504.497513139793,0.0005008995026279586
15385,OrlundoHubbard#1611,0x04e18fdbf180e38953b4126e40d89e5d3261efee,70,0.0024692229002786694,2469.2229002786694,0.0004938445800557339
16634,jiexiang#7071,0x7934b4344d6308dc7aecd2f8cfe006ed87550422,70,0.0024692229002786694,2469.2229002786694,0.0004938445800557339
15430,Stefanie,0x4bad6f2bb235a2c36344cac9c3a49bbcc9a63d4e,67,0.0023633990616952977,2363.399061695298,0.00047267981233905956
14522,blockyu.eth#7130,0xb56e034553ce2590e98e41c5508c059ef8f7b5ee,65,0.0022928498359730503,2292.84983597305,0.00045856996719461
14329,reallym#7102,0x45a5f6c9372ef4644f5c45dab0b1a7619f4cf981,63,0.0022223006102508026,2222.3006102508025,0.0004444601220501605
15485,TianKong,0xdb5d099a6d2f2bc090fcd258cc564861d552c387,63,0.0022223006102508026,2222.3006102508025,0.0004444601220501605
13676,thomasmetta,0x22ad46958b5e161d5a8912aa10dc0591e47d8893,61,0.0021517513845285548,2151.751384528555,0.00043035027690571095
14075,Mr Steven Stiffler#9944,0x1af56e6ce4f72765905586fa567b09ca4813c28d,61,0.0021517513845285548,2151.751384528555,0.00043035027690571095
15151,hou,0x685d9638f22b552e1f9fe4e1325970fc07e52993,56,0.0019753783202229357,1975.3783202229356,0.0003950756640445871
13614,doswell.eth,0x9ad33d2d173f224aa3a2e71d77041ee353c69b32,56,0.0019753783202229357,1975.3783202229356,0.0003950756640445871
14428,mooing#2596,0xa635c856481b4b6f202ff0a3ad7e4128f983e6ad,54,0.001904829094500688,1904.829094500688,0.00038096581890013757
13639,linyi#6102,0x9a25755a945ccd8877d509c2cd32fad3090de60f,54,0.001904829094500688,1904.829094500688,0.00038096581890013757
14161,Miral,0x009077dd904e3e9fc458d97e3e37347926fe5e32,54,0.001904829094500688,1904.829094500688,0.00038096581890013757
13644,MantisClone#2619,0x1ec1ccef3e1735bda3f4ba698e8a524aa7c93274,53,0.001869554481639564,1869.554481639564,0.0003739108963279128
13607,dashuang‚≠ê#4642,0x0813e1b0a5b1d0d67ceac68696591f5aecc613c7,53,0.001869554481639564,1869.554481639564,0.0003739108963279128
13814,tippice | AAC#0666,0xb4d8063b3446cec0c536208807241767a0ea6d18,51,0.0017990052559173162,1799.0052559173162,0.0003598010511834632
14707,cachemonet#6619,0x0cf661907e76c4921f7df302092697799dc63b24,51,0.0017990052559173162,1799.0052559173162,0.0003598010511834632
15137,Degg-Dengdeng (‚àû,‚àû)#1455,0x721c7fffe9ac426a028e616677811f755fa99eba,51,0.0017990052559173162,1799.0052559173162,0.0003598010511834632
15117,Aakansha,0x06a1e83832ad7de314b4f82efbc9591d0670a1e2,49,0.0017284560301950686,1728.4560301950687,0.0003456912060390137
15314,Avrahm,0x30b1db5bf3acf0ee64b2b274d01ac219a1924534,48,0.0016931814173339447,1693.1814173339446,0.0003386362834667889
15381,Greenchile,0xfcb23f995fa4c8121b806b7030f1f238d188f861,48,0.0016931814173339447,1693.1814173339446,0.0003386362834667889
13597,christian.anese#4341,0xc4e3cb70427aed3a21be30c75bb1563b002a47c3,47,0.0016579068044728208,1657.9068044728208,0.00033158136089456413
13572,0xEmile üá¶üá≤#8143,0xfea4661d76a9e559260cbf8c067e1f27b3e7d141,45,0.0015873575787505733,1587.3575787505733,0.00031747151575011465
14330,JackL#6359,0xe8e83ddfc373bbbd22edf5a80a30ec7ded8f2b47,45,0.0015873575787505733,1587.3575787505733,0.00031747151575011465
14065,bscottdavis#4981,0x941c64d7c46e83aef021a82fe3fbec61d37599aa,44,0.0015520829658894494,1552.0829658894493,0.00031041659317788983
14341,frankun,0xf89fc7c27f885185afa09a38b29daa1bdaf32d4a,43,0.0015168083530283255,1516.8083530283254,0.0003033616706056651
15141,lim#7894,0x358af75741f75140faedde986e5d21b11724bd42,43,0.0015168083530283255,1516.8083530283254,0.0003033616706056651
13651,nazeeh#2041,0x0c12522fcda861460bf1bc223eca108144ee5df4,42,0.0014815337401672018,1481.5337401672018,0.00029630674803344034
14013,iamlexie.eth#1237,0xf85ea6bb6c717e733e91760f19d5f4ac382eeed5,41,0.0014462591273060779,1446.259127306078,0.0002892518254612156
15120,Angel.Y#3940,0x459da68fbf9e09c30ccdaacc377da70f4ea7bd27,41,0.0014462591273060779,1446.259127306078,0.0002892518254612156
15941,kagamimoe#2180,0x294388d7f62065784666f797ca6919a4b8cef4ab,41,0.0014462591273060779,1446.259127306078,0.0002892518254612156
13686,xS#9360,0xd7d8cf2415a894769fba9487fa6a36b627e6feec,40,0.001410984514444954,1410.984514444954,0.0002821969028889908
16581,cat-mao#8888,0x8504a09352555ff1acf9c8a8d9fb5fdcc4161cbc,40,0.001410984514444954,1410.984514444954,0.0002821969028889908
13625,JackyZhang#8533,0x7773a2ee2461226000646112331ff43315f1e055,40,0.001410984514444954,1410.984514444954,0.0002821969028889908
14726,blackhare,0x885ea391039e0fa3f6833a1f3b6d7433b5b69bb6,40,0.001410984514444954,1410.984514444954,0.0002821969028889908
14157,adiak47#3744,0x9038fe23c937d1610f90dba98659b8722cec432f,39,0.00137570990158383,1375.70990158383,0.00027514198031676604
15803,Alexander,0xf0c18acf5c7c25eb24325f4f96d10fe2c2236a5a,39,0.00137570990158383,1375.70990158383,0.00027514198031676604
14321,scottrepreneur#8411,0x68d36dcbdd7bbf206e27134f28103abe7cf972df,38,0.0013404352887227062,1340.4352887227062,0.00026808705774454127
15136,Tsai#4611,0x7f9951a408c3384ae8d8e3f6a2d2f60f53e7eeb0,38,0.0013404352887227062,1340.4352887227062,0.00026808705774454127
15133,dobbie.eth#1385,0x52e5b829d93a0d37b47b737c562d9626c9b4c592,37,0.0013051606758615825,1305.1606758615826,0.0002610321351723165
13661,Raz#1337,0x6c41defc3189e776479a71f2648b0c90ae153110,36,0.0012698860630004586,1269.8860630004585,0.00025397721260009173
14176,ael#4269,0x1193c9f3e10defbd5cf956575aaf5abeacc1b068,36,0.0012698860630004586,1269.8860630004585,0.00025397721260009173
13587,Berlin#3356,0x6f3a6d9867d6213056b55ce52b55514215deb343,35,0.0012346114501393347,1234.6114501393347,0.00024692229002786696
13589,brave man#5015,0xf284745f89916a1710ef4c26ff4fff20528cc486,34,0.0011993368372782108,1199.3368372782109,0.00023986736745564217
13603,cryptofry#0485,0x747bae1e5b053cc6908f318587a2e317732e06e2,34,0.0011993368372782108,1199.3368372782109,0.00023986736745564217
14472,Strider#0411,0x8590c609942cd772b047025209955663470be132,34,0.0011993368372782108,1199.3368372782109,0.00023986736745564217
13832,ÊÅíÁõà | Community | BUJI DAO#7777,0xf8771ba67f50c1b953e10be0b303bd87f7d4b91c,33,0.0011640622244170871,1164.0622244170872,0.00023281244488341745
14304,douwox#3106,0x44b679df5cecd2f87584db73022052f35532b622,32,0.0011287876115559632,1128.7876115559632,0.00022575752231119263
15380,Ioan,0xb277d567fac3648b97a3b3658d829d60ff052418,32,0.0011287876115559632,1128.7876115559632,0.00022575752231119263
15497,diegoalzate#1520,0xc045e928d24ba4a1f93b75150d5eff576ca0c432,32,0.0011287876115559632,1128.7876115559632,0.00022575752231119263
13816,aykay#4166,0x5ce6bbb80b05a0fe2771e1ed6661d1159da913e3,28,0.0009876891601114678,987.6891601114678,0.00019753783202229355
13629,JoviDeCroock#3703,0x2116ba3b141244914e39d69257acf56a075d5ccc,28,0.0009876891601114678,987.6891601114678,0.00019753783202229355
14192,katrina,0x85684c11fd750506cd8783a7cdc19bc583ce62f8,28,0.0009876891601114678,987.6891601114678,0.00019753783202229355
14195,Qaf,0xe363fa6461c1a30d18c0cff22f7db95e5a54a900,27,0.000952414547250344,952.414547250344,0.00019048290945006878
14314,d_dLEO,0xd748a10439dee0a594b731aaf3c956e56391211a,27,0.000952414547250344,952.414547250344,0.00019048290945006878
13582,andrewhnberry#4181,0xc445e7afc5266f849e422ad462d8d85ae7445a97,27,0.000952414547250344,952.414547250344,0.00019048290945006878
15524,Randolph,0xe93735deb30aaa0810dfda7fb2b0e2115982b1d1,27,0.000952414547250344,952.414547250344,0.00019048290945006878
13575,adamdawson.eth#8476,0x954e128f3e3d85ba3adafb9d53e7c060833e2bb0,26,0.00091713993438922,917.13993438922,0.000183427986877844
15152,xuyixin,0xb7fa46bd0ae3ee01c5b4d17ca3723de061c988bc,26,0.00091713993438922,917.13993438922,0.000183427986877844
15500,wiseTy,0xcc39f4f4a764b118e1a39e2def59559e0f886aa3,26,0.00091713993438922,917.13993438922,0.000183427986877844
14701,wei777#4225,0x32bb0a64427e16002d21592c07bbe2c9db683610,25,0.0008818653215280963,881.8653215280963,0.00017637306430561925
15493,valueflow,0x3f3a2cc56fc928712bc800e82b5ae3179ce550e2,24,0.0008465907086669724,846.5907086669723,0.00016931814173339445
14193,joneskj55.eth#6028,0x036f67fcc84eae8d0edba9aade6d8987cca48a4a,23,0.0008113160958058486,811.3160958058486,0.0001622632191611697
15414,robotwarrior,0x7f65c64ea807901349a7aebda4b1f8a282cca051,23,0.0008113160958058486,811.3160958058486,0.0001622632191611697
15225,Moojing,0x8865d9736ad52c6cdbbea9bcd376108284cfd0e4,22,0.0007760414829447247,776.0414829447246,0.00015520829658894491
13615,edamamoo.eth,0xf56c68872e941c341025d9907d4821f9c8087166,21,0.0007407668700836009,740.7668700836009,0.00014815337401672017
13688,‰ªògeij Dragon-Ball 5‰∏®MONO LOCCO#0182,0x291aab2e87a52fcab64913329b9269da907640df,21,0.0007407668700836009,740.7668700836009,0.00014815337401672017
15232,manapixels#6426,0xf56c68872e941c341025d9907d4821f9c8087166,21,0.0007407668700836009,740.7668700836009,0.00014815337401672017
15316,Danial Hasan,0x0001196fccc127952fc5a6f3a5d5546c7487f78a,21,0.0007407668700836009,740.7668700836009,0.00014815337401672017
14704,mergod,0x7f51c8447ee363d7be2705163cc81f524685a008,21,0.0007407668700836009,740.7668700836009,0.00014815337401672017
15668,LJQZZZ#0892,0x6545a8cb2d809f8488e89480df5055fb176aa318,21,0.0007407668700836009,740.7668700836009,0.00014815337401672017
15126,zerah#2653,0xf4ed1ef1f7a52dc7dd10a9b5d43f23748a1e8992,20,0.000705492257222477,705.492257222477,0.0001410984514444954
15376,Adil.IsNotAFn#7784,0xfb7db943b7c2f08ef390956e33f9de5a8ed77ef3,20,0.000705492257222477,705.492257222477,0.0001410984514444954
14183,piablo,0xd3122b4302b7bd2554774c71b6be1553b3a51239,19,0.0006702176443613531,670.2176443613531,0.00013404352887227063
16583,R4ndom_seed#2675,0x5ed86506ff1244bb3ac0c309d5fc5ae6c0375464,18,0.0006349430315002293,634.9430315002293,0.00012698860630004587
15494,zkmark,0xa21d5b40678258f2aba9b8411f193dd9053ee27f,18,0.0006349430315002293,634.9430315002293,0.00012698860630004587
14854,hakunamatim,0x27ad04d192ef122a50d7ac96f6f1295c224dc15d,17,0.0005996684186391054,599.6684186391054,0.00011993368372782108
14064,zeox7#8627,0x946d6abff3c47a52263d9b0dd61dceae31f49e38,17,0.0005996684186391054,599.6684186391054,0.00011993368372782108
15373,ando_woods#1133,0x53734e2140e062948cf05e86db8cee2190166062,17,0.0005996684186391054,599.6684186391054,0.00011993368372782108
15489,yaffa,0xdc7c0fa6755bd03acbdb5ec0e4bda9b5bc1df22a,17,0.0005996684186391054,599.6684186391054,0.00011993368372782108
13666,saminacodes#2918,0xf9931d0d62a693b848fcf61092b810fd229b15c8,17,0.0005996684186391054,599.6684186391054,0.00011993368372782108
14706,Iggy GL,0xdbef8f238aba02763edfe12564a204363e836dd6,17,0.0005996684186391054,599.6684186391054,0.00011993368372782108
15418,JoshC#1651,0x70f296395ddaef1b27243c2cf78b935735ad9cc1,17,0.0005996684186391054,599.6684186391054,0.00011993368372782108
14175,digidigo#5599,0x2d1c0d03efebd916346927e465d38556c832eb81,15,0.0005291191929168577,529.1191929168577,0.00010582383858337155
15228,jorel.eth,0x1fdcce71b0113195fd97e4073adbe82bb2689537,14,0.0004938445800557339,493.8445800557339,0.00009876891601114678
13769,nomador#6060,0x0df95d14a635058dd9dc7df51e4980b224b50bd2,14,0.0004938445800557339,493.8445800557339,0.00009876891601114678
15666,etherinsight,0xafeb5f1f3db00f66e28ef38fcf9cde0d469fab4f,14,0.0004938445800557339,493.8445800557339,0.00009876891601114678
15231,jojo,0x1fdcce71b0113195fd97e4073adbe82bb2689537,14,0.0004938445800557339,493.8445800557339,0.00009876891601114678
14223,casa#2002,0x3fcdca1dfb729c1450677a905de859285cd77ca6,13,0.00045856996719461,458.56996719461,0.000091713993438922
15129,silent,0x512aad1d0e1492a9c4075aba58ce1a944a74f973,12,0.0004232953543334862,423.29535433348616,0.00008465907086669723
13593,Byron#4087,0x4e18966fc3dc2521870aa29f4a2dfe26f3ea6868,12,0.0004232953543334862,423.29535433348616,0.00008465907086669723
15412,camiinthisthang#2946,0x5dc4bfc95024398d11366308300f6fa7db3a53ee,12,0.0004232953543334862,423.29535433348616,0.00008465907086669723
15879,cans,0x24b3e9984eb93c207be67be0b632a24f07a0703f,12,0.0004232953543334862,423.29535433348616,0.00008465907086669723
14063,knightsof88#9906,0xa432cf92dcb8636cbf697f1c1c8076bb7f82f314,12,0.0004232953543334862,423.29535433348616,0.00008465907086669723
14060,cryptoneur#3785,0xa7828c5bab02c879ceb555f567d1833b34e1402b,12,0.0004232953543334862,423.29535433348616,0.00008465907086669723
15664,chao#8304,0x7bd7dad2d1f75ae105ef20c7177c4345b69ae971,12,0.0004232953543334862,423.29535433348616,0.00008465907086669723
13681,Urek#5014,0x2ce9b798c47086ef7691d3f15331949f401f9cc0,11,0.00038802074147236234,388.0207414723623,0.00007760414829447246
13813,unwrittentech#7127,0x05bc464dd87eae19406bec2edb934483302d97d4,11,0.00038802074147236234,388.0207414723623,0.00007760414829447246
14732,steph#2187,0x2f7a3f2dda7fd36ad4d0c002c0e8d7b1dac668b7,11,0.00038802074147236234,388.0207414723623,0.00007760414829447246
13623,HKerStanley#4125,0x80a0b3a16f8e4f320a4bc3af69053e723832b39b,11,0.00038802074147236234,388.0207414723623,0.00007760414829447246
15488,Shadowdancer,0x207053a23d86fe3697dc073461f293894a931a72,11,0.00038802074147236234,388.0207414723623,0.00007760414829447246
15431,bradley#4473,0xede91918a5ca1c9ec607006cb7bb19b531f09bfd,11,0.00038802074147236234,388.0207414723623,0.00007760414829447246
14169,SocialButterfly,0xeffb282259291e05060927ec1205e49751a5a97a,10,0.0003527461286112385,352.7461286112385,0.0000705492257222477
14011,xiaofu#2909,0xa8d79ad0776af22ca8ce12402e02b187e31e5cf3,10,0.0003527461286112385,352.7461286112385,0.0000705492257222477
14410,khaen9#7528,0x07118ab669dd1bfb9909fc04422d0e4232a3483e,10,0.0003527461286112385,352.7461286112385,0.0000705492257222477
15492,NightLeo#8525,0xedb7af625443bec75d53544e091ee3492ede8bc2,10,0.0003527461286112385,352.7461286112385,0.0000705492257222477
15355,Blanker#6666,0x01974549c9b9a30d47c548a16b120b1caa7b586c,10,0.0003527461286112385,352.7461286112385,0.0000705492257222477
15378,QZ#6600,0x0cf30daf2fb962ed1d5d19c97f5f6651f3b691c1,10,0.0003527461286112385,352.7461286112385,0.0000705492257222477
15943,Thorgan#6451,0x698fa8dfa821489cf4b69225347f28a56e3c3129,10,0.0003527461286112385,352.7461286112385,0.0000705492257222477
13618,fashen001#2591,0xd4c4f5e108d09f4383f431d143e75ecabb703f2a,9,0.00031747151575011465,317.47151575011463,0.00006349430315002293
15880,gracelily,0x778af538bb7609d721e2a8a03a02e3a53dbb4f51,9,0.00031747151575011465,317.47151575011463,0.00006349430315002293
14712,Leon2#1569,0xb5c1213ee9ddf312c98f6e94caf5c421c86abff3,9,0.00031747151575011465,317.47151575011463,0.00006349430315002293
14069,BitSat#2626,0x9ea0588c5c29cc4cbaf235d185095439f0722202,9,0.00031747151575011465,317.47151575011463,0.00006349430315002293
14171,Luvi,0x96e82e6badec0b0594dd6bff7cccabfe42339dfe,8,0.0002821969028889908,282.1969028889908,0.00005643938057779816
14168,An1cu12 ,0xc99bd88526a29f574d297a931f8232b53b5670dd,8,0.0002821969028889908,282.1969028889908,0.00005643938057779816
13812,Hone1er.eth#3917,0xeba4797ce6d748fc67fa8448610934a0413cc3b9,8,0.0002821969028889908,282.1969028889908,0.00005643938057779816
15235,amble,0x727729c7a9ca5df70ac7dcb16a27dd2817956f26,8,0.0002821969028889908,282.1969028889908,0.00005643938057779816
14149,ibtc,0x621752f25abd2e13136275f0059e4d9ae4dc08b7,8,0.0002821969028889908,282.1969028889908,0.00005643938057779816
14191,ammar#2986,0xaa85759554f6b3dbc274cc35621b52e85f644ca7,8,0.0002821969028889908,282.1969028889908,0.00005643938057779816
14478,BeardedDonut#2673,0x242fbe89cafea9cc312650ddf610ee4d97782d50,8,0.0002821969028889908,282.1969028889908,0.00005643938057779816
14315,JCJC,0x333d07032cb8b4235910cb5050a7715c6601ba57,7,0.00024692229002786696,246.92229002786695,0.00004938445800557339
13679,tripfrog#4891,0x3dd3e6e190e5cff0856de30bf63924dabdf51264,7,0.00024692229002786696,246.92229002786695,0.00004938445800557339
15073,Levi,0x6f533032f9087dac099e093200c827de6fc6ed8c,7,0.00024692229002786696,246.92229002786695,0.00004938445800557339
14433,lsf,0x709680f22d2b95267764db0e1385b59525d7f4d8,7,0.00024692229002786696,246.92229002786695,0.00004938445800557339
14436,parseb,0xe7b30a037f5598e4e73702ca66a59af5cc650dcd,7,0.00024692229002786696,246.92229002786695,0.00004938445800557339
13680,Troy#2478,0xb5df726e490bc6a17ad44ffe32966678b16596e0,7,0.00024692229002786696,246.92229002786695,0.00004938445800557339
14532,Umar,0x67836c26651282d9f4650ba80c60b379afdfc0a0,7,0.00024692229002786696,246.92229002786695,0.00004938445800557339
14057,bosco#7827,0x30c7f4f7504d6366916f669cd8e731ed4df6c702,7,0.00024692229002786696,246.92229002786695,0.00004938445800557339
14204,Barabazs,0x75848282cd9eabbb28d2cedd1d7482878f92b334,7,0.00024692229002786696,246.92229002786695,0.00004938445800557339
14714,Vain,0xdfebf820bbbf2e90a15c92d815b5d8e10823976f,7,0.00024692229002786696,246.92229002786695,0.00004938445800557339
13602,crazywriter#9550,0xc7df6c8a2d851d20bc32238b26f886db7e1949da,6,0.0002116476771667431,211.64767716674308,0.00004232953543334861
13628,jkrsp#7738,0x2cf8b2a689b9be7dbe508089184bac178925d010,6,0.0002116476771667431,211.64767716674308,0.00004232953543334861
13648,mish#3571,0xcfc81145cb8c29d0787f4a086f75eb66b851453d,6,0.0002116476771667431,211.64767716674308,0.00004232953543334861
13634,kidme#8368,0xaa197624bf7283e2120ee9d25490485c11f17fd0,6,0.0002116476771667431,211.64767716674308,0.00004232953543334861
15944,Mason19#2428,0x38f77b8a636eb70066d33937b12b801c97ed777f,6,0.0002116476771667431,211.64767716674308,0.00004232953543334861
15308,Danny | Curiosity#2987,0x094a9009fe93a85658e4b49604fd8177620f8cd8,6,0.0002116476771667431,211.64767716674308,0.00004232953543334861
14316,icree8,0x8bdb4d532736ff2092b6b1789354f515ec0ac650,5,0.00017637306430561925,176.37306430561924,0.00003527461286112385
14322,needanameforme#6277,0xda2f80295cf2252c58c8a4b9584931e911aaa04e,5,0.00017637306430561925,176.37306430561924,0.00003527461286112385
14469,fangio#6195,0xdc04599b4aa011e3eadabf14d4a2daa053a58636,5,0.00017637306430561925,176.37306430561924,0.00003527461286112385
15233,sjtuer.eth(üêá,üé©)#6495,0x6c51a5ef1b6736b63c965b3057ae5c5b50de76d3,5,0.00017637306430561925,176.37306430561924,0.00003527461286112385
13613,Donna#4920,0x2245be89fc8fab94ed982e859aa3212a4e4eb7e5,5,0.00017637306430561925,176.37306430561924,0.00003527461286112385
14864,Kitty Gang |Ê∞∏ÈÇ¶Ôºàüëæ,üëæÔºâ(‚àû)#4506,0x6face1420a8683be8341a2f43e29469199e54bee,4,0.0001410984514444954,141.0984514444954,0.00002821969028889908
15234,Chris Lally,0x8071ed00bf71d8a9a3ff34befbbdff9df6f72e65,4,0.0001410984514444954,141.0984514444954,0.00002821969028889908
15652,Kitty Gang |Ê∞∏ÈÇ¶Ôºàüëæ,üëæÔºâ(‚àû)#4506,0x6face1420a8683be8341a2f43e29469199e54bee,4,0.0001410984514444954,141.0984514444954,0.00002821969028889908
14078,shicj#3512,0xce2ef28c65e5db090d75630c98a807da003fb36f,4,0.0001410984514444954,141.0984514444954,0.00002821969028889908
14205,fornax#6075,0x9fe26e1164caf6e7ad9e8711f8e7ff1c8c7a3191,3,0.00010582383858337155,105.82383858337154,0.000021164767716674306
13670,spine1#9647,0x5ebfb1b4376e787d472af49ae070a1170f095ee9,3,0.00010582383858337155,105.82383858337154,0.000021164767716674306
16665,camilarondinini#3500,0xa40440af14537baa96e396cf76fb5737a7177475,3,0.00010582383858337155,105.82383858337154,0.000021164767716674306
14334,Rick Gallop #6852,0xfc4c741feb8d60976fe8e4ba70b307b0061f3c00,3,0.00010582383858337155,105.82383858337154,0.000021164767716674306
13780,wv_tongxue#6911,0x261e1fbc2d5c7200de55289dfab9ebbc5fd585be,3,0.00010582383858337155,105.82383858337154,0.000021164767716674306
14721,ChandlerTaher#6425,0x9e935c13f2865a173e7a2c9e285db7cc3d8931d8,3,0.00010582383858337155,105.82383858337154,0.000021164767716674306
14154,Kruse#4663,0x171c8be8b92674f7d7b0593aca4619a25a40b6f0,3,0.00010582383858337155,105.82383858337154,0.000021164767716674306
13630,JyteCeo#2852,0xeb85f308ad30dcd3ce91096cbb5ee1af09e902da,3,0.00010582383858337155,105.82383858337154,0.000021164767716674306
13663,rigor789#4046,0x096cf1784bdbbbbffa85db923f874d6fce4ca2d7,3,0.00010582383858337155,105.82383858337154,0.000021164767716674306
13637,lauren#6518,0xd0aee284d4b8ee835c3c4a9e78dc72d360ed453a,3,0.00010582383858337155,105.82383858337154,0.000021164767716674306
15377,zkdoof,0xc673db815b92275efc6fa083fea7c55215519464,3,0.00010582383858337155,105.82383858337154,0.000021164767716674306
15423,hansy#9576,0x2caefce8cf1d7c3ab072ba13934fa6d08d54ba6f,3,0.00010582383858337155,105.82383858337154,0.000021164767716674306
15800,dallascat,0xa3ceca57e4bee224a7fe7aa46ae7f4418d54cf8d,3,0.00010582383858337155,105.82383858337154,0.000021164767716674306
14072,Notorious84#6662,0xa1adf3dda8d7f62cbab65a86926ba46ac265cf2e,3,0.00010582383858337155,105.82383858337154,0.000021164767716674306
15140,coderlu#2704,0xbd094bcd41a7385281698ea83a24224749de07be,3,0.00010582383858337155,105.82383858337154,0.000021164767716674306
14189,futurethang#0642,0xd83f3ce852bcc65231054099a2270642700adadd,2,0.0000705492257222477,70.5492257222477,0.00001410984514444954
13653,OnenessWang#4872,0x2f29c316e0fff43a236fb45a5c1233ce25e4f981,2,0.0000705492257222477,70.5492257222477,0.00001410984514444954
13685,Wukong#4655,0xcf2001a16b69543fd4bfb54f1d4528b6c5307a3b,2,0.0000705492257222477,70.5492257222477,0.00001410984514444954
14081,lanxiaolan#0372,0x5475b6f770272f3cabd6a882c300954c767c71f7,2,0.0000705492257222477,70.5492257222477,0.00001410984514444954
16666,carllippert,0x9e33078f3398be71da0e0fba182af22eea0ebb12,2,0.0000705492257222477,70.5492257222477,0.00001410984514444954
14733,Hansi,0x3c96a50281655cca28a11e624420a56b3031e037,2,0.0000705492257222477,70.5492257222477,0.00001410984514444954
13667,samueldanso#7649,0x00666353a61c7ada7384b84ecfc532e1e3e705b2,2,0.0000705492257222477,70.5492257222477,0.00001410984514444954
16898,BrianHHough#5648,0xb0419291b62b2d31e12cde1572280dc328cbb831,2,0.0000705492257222477,70.5492257222477,0.00001410984514444954
14165,Mulander,0xb56b915971b98ec7d869b6b3ad6f4b2fd9f12492,2,0.0000705492257222477,70.5492257222477,0.00001410984514444954
13687,zgcxyz183#0473,0x7baf9864ecb3cec21523508c86a1a3efce2408be,2,0.0000705492257222477,70.5492257222477,0.00001410984514444954
13782,yhc2011#7167,0xe81b63111a88bf9a5b22832ef594ea7a2d487824,2,0.0000705492257222477,70.5492257222477,0.00001410984514444954
14541,Marcuzt,0xc9479e0e86abc7107a6dfbe63c3780fcdd9f8ed0,2,0.0000705492257222477,70.5492257222477,0.00001410984514444954
16852,Maxdaftpunker#1273,0xb62241a978d41e35f008b0e165cf5cbe43e9feeb,2,0.0000705492257222477,70.5492257222477,0.00001410984514444954
15422,moonedge,0xa3b9fe8647aa9d7009b9a7ad1d8d4a2381994efa,2,0.0000705492257222477,70.5492257222477,0.00001410984514444954
14738,localblackguy#6658,0xc40ef903a95d7f6489ed387c051085eca657a2fd,1,0.00003527461286112385,35.27461286112385,0.00000705492257222477
14181,Obi,0x7335cbb8fe37c51a6b781a5084c7bfb8fe72e208,1,0.00003527461286112385,35.27461286112385,0.00000705492257222477
15122,PGtime#4140,0xd65c95fabe3286e416580a826213688a2620390b,1,0.00003527461286112385,35.27461286112385,0.00000705492257222477
16579,Afoma#9931,0x9a01d02be71726646f9cf9c4ff473dee40bf080d,1,0.00003527461286112385,35.27461286112385,0.00000705492257222477
14185,znxxmz#7468,0x6b87ffcbe0dfc9009123160fe0c70f7b4f24ffd6,1,0.00003527461286112385,35.27461286112385,0.00000705492257222477
13668,Scorpion#9102,0x56cb75b092b1866ffe4531151da6e233ae5811e2,1,0.00003527461286112385,35.27461286112385,0.00000705492257222477
15154,haliluya,0x149f119543239d0b102bc60e80d0965232229234,1,0.00003527461286112385,35.27461286112385,0.00000705492257222477
13643,mandrex#6274,0xb99623802408c30be6995bd8ed0f198cb679b837,1,0.00003527461286112385,35.27461286112385,0.00000705492257222477
15183,Mat√≠as,0x27f2850ee3abfbbbb6c5857be954b0002a6e600e,1,0.00003527461286112385,35.27461286112385,0.00000705492257222477
15127,MBtinty#4030,0xba5261157ad666351c1114ef78ee611710629a33,1,0.00003527461286112385,35.27461286112385,0.00000705492257222477
14720,WillonMars#5793,0x96e597c1c6bacb7128945bab9d32fb5ea9526b87,1,0.00003527461286112385,35.27461286112385,0.00000705492257222477
13642,malechi#6699,0x272f1c8850df46d83b240d5d9f0dcf460980670e,1,0.00003527461286112385,35.27461286112385,0.00000705492257222477
15354,canbili,0x0bb3cf3925d004686c287c37638f63a0cc3c9b4a,1,0.00003527461286112385,35.27461286112385,0.00000705492257222477
15413,KowalskiTom,0x6cc95aef3349c8277985cf010d54afd14b7f9961,1,0.00003527461286112385,35.27461286112385,0.00000705492257222477
15383,ohhkaneda.eth,0x8f004f5a2b12eb26cc77291aa879c42a4af1ae6d,1,0.00003527461286112385,35.27461286112385,0.00000705492257222477
15427,xuanbeihai#6481,0xd0a8fa32377ba4a31464ab04d31bfcf6c4853ea3,1,0.00003527461286112385,35.27461286112385,0.00000705492257222477
14441,geek,0x4d916657b88b3ccfd44b24194c042113fd50c172,0,0,0,0
14313,AEvolve#1190,0x06c4865ab16c9c760622f19a313a2e637e2e66a2,0,0,0,0
14317,abhay.eth,0x2ccba3e3911d7669f3069a79dcdae587f0ef020e,0,0,0,0
14318,mwrites,0x6248e3da01a4d1992e7833467e7ed73303087618,0,0,0,0
14324,Gott3D,0x75d336920943ee1d593194998c11527d758ce046,0,0,0,0
14325,Chao#8304,0xc93bbd6b37893667bf1e100f7bd445e3044d72c9,0,0,0,0
14326,michaelOoO#3088,0x863df85a2dc29a7670ce8110189bbb5f994c6bd6,0,0,0,0
14327,Bitcoin squad,0xbac79de245633fcc4fb32c19bc0ac93f406c9950,0,0,0,0
14328,Henry,0x04127f3df30ee53b5fb69ccffc56d5b03026fcd8,0,0,0,0
14527,kefira,0x30aab76b03e323a8ac726b4d92a26f7b58809b11,0,0,0,0
14528,Arthur_AqA#4252,0x1f0f5d02ce4043615e7d540d80969bc5575b592b,0,0,0,0
14332,infinite,0xb25f369890706c3b0dd61e8e7533bdf90ae3af57,0,0,0,0
14529,zhangdi,0x3c7d5bb537abae440e0abe552342f422a4b1e6c1,0,0,0,0
14530,ilse2005#6995,0xacfaa4b77109ea32ca65e61bd14929aea46997c5,0,0,0,0
14531,HEJ#3569,0x7029c5f7a0b203458edf9a4268aebd6ce658eed6,0,0,0,0
14336,qijin.eth#7006,0x7c9363f704f053e9bc709b50a1bbc6e83884bb61,0,0,0,0
14337,teelmea,0x5be9bc68497a5c2ef3765a722019adbba644908b,0,0,0,0
14339,ones#4195,0x33a74ed005785a83295d3ebe7e9fee647c3b4246,0,0,0,0
14340,Metaverse#1677,0xa23d35b2ea78dc4a457d241ed2bad73e82e6c4db,0,0,0,0
14342,lucky,0xe93e76578f1ee7cc998368c50875fa00c775faa9,0,0,0,0
14737,Zimailee#1957,0x1d16f4de6e3d0700ee9820772c0653c0f0a45ca2,0,0,0,0
14533,Kitty Gang |  yanxi.eth#0221,0x177821cbe97b3eb0a20de1fd534bc7160cbcd76e,0,0,0,0
14535,Kitty Gang | yefeng#1662,0x4d246e41d7131ff60cd533c13bd2aafce7ab1265,0,0,0,0
14740,kareem.sol#8380,0xbbbd1c1b14b1b98d4499b98f4c8675e401cb09f1,0,0,0,0
14536,Big Cats |shengruxiahua#8219,0x1ba1ff69f03d38af7ef40e3afdc53ad073eb4642,0,0,0,0
14741,jonvet,0xb4a7b1c0a2ffa9febf53aa5655b8917034ae66aa,0,0,0,0
14537,lisameimei#3830,0xdb57f1613ef9d26af65bcc5dd197a9f31a5aa091,0,0,0,0
14346,mobey#8135,0x44c2e7c3f9dfb540e1d16a9dd4709f63b244d3b2,0,0,0,0
14538,15xiaohua l LLC#0192,0xd2208b5c2091d8c847d246509ed306bd6be9d200,0,0,0,0
14742,CryptoHunter#9432,0xe6752c11f6266588cdf708cfd42bf1fe15eec2f5,0,0,0,0
14743,LukeB,0x2f7367b7ad01dec04ef49336859ea9974ee1c9e0,0,0,0,0
14539,robotboy.eth#8888,0xff787ff914bbbbfd9b2e0ea8c7f2f44397af12bc,0,0,0,0
14540,xyplh,0x1b80ce81e42dad3858fd6f19b4a2842bef73680c,0,0,0,0
14744,Minh#4716,0xfc5cfff46f115395ea71b6847507141a566f6f1f,0,0,0,0
14745,aenri#5530,0xaf1c142ca645f30d7ca023036d5209453e862a70,0,0,0,0
14746,Aura Glitch,0x25ed58c027921e14d86380ea2646e3a1b5c55a8b,0,0,0,0
14543,yaohaha#4979,0xb8fc1b83c3668ae2e805a94dbd40aac5dadb4c68,0,0,0,0
14544,halou#6486,0x3cbda54c6dc2858c44dd35dbdbe83f9f4fd7475a,0,0,0,0
14545,lovexx#0475,0x4e6f358c8d0e154eb355ddb02df51885fb9e43f6,0,0,0,0
14546,asao|#4433,0xdadef4b1f0f542193edd7345a762bad5c12a7375,0,0,0,0
14547,9988#6010,0xd942010f8808996a682502df5d5b2af7fcbc7318,0,0,0,0
14548,xian#8076,0x90b0dec1f1bba847015904c115b8a99bf22925c5,0,0,0,0
14550,YYDS721#0281,0x52c881b5c39ecb74e1f17c6ac13868845cbc3955,0,0,0,0
14151,karenjennifer#6828,0xe6b4a4972abe38820322af468f3aee439f652704,0,0,0,0
14152,maverick#8642,0x0c35b14e77e14ad6db17ddad81c1b9c70a281b7e,0,0,0,0
13833,0xJuu | Babatunde#5733,0xa95b78770e762cfcce916a2970b80a77e8c98a8d,0,0,0,0
14551,0x - mir-bull#8928,0x0279e4db6596933aab0d7d3a11c74b01fd44e344,0,0,0,0
14155,Tricelex,0xeb6cd8ab0e374f3d84a4a8006dbd90b9966a4563,0,0,0,0
14552,CoCo#7326,0x75c1e14cd2d114686bd5b765fcfe376176e41f1f,0,0,0,0
14553,ajun#3445,0xf201b83ab58b2e72cdcf8ffffd05fdc43032abee,0,0,0,0
14158,macguffin#2439,0x6ca139d7f4c216ee2d18ea98cc585d48b2f141a2,0,0,0,0
14159,ennea8,0x665a7c79a783e1e0767ff1a796406a2328f1005e,0,0,0,0
14555,yangcong#6506,0xb3cad1258faca28f0cf9b6bf14c5ed4bd9df04c0,0,0,0,0
14160,Shawn,0x5b3e64a14889ba424c0cc8b4feaf26cae860d712,0,0,0,0
15083,fs2022#4026,0x5f82bb7418cf3230f101a01b3f40f2113a5956dd,0,0,0,0
15087,wljn001,0x0888354392f3b0f6ccc00636add296f3bb731d91,0,0,0,0
15084,f4ge2#4057,0x3066856ed81b4f9c9c83f756c5a28c76bd8ef4a3,0,0,0,0
14162,JGOD#2281,0xbd5f6ba08c036fbe37cda39ed41e7ba2de6f8475,0,0,0,0
14164,pnewell4#5275,0x467af859bde493bb01f96cb7bdb1f9c2c8745653,0,0,0,0
14166,Abhi#6875,0x4692d41f233974144ec851828b45893391fe7db6,0,0,0,0
14167,cai#7885,0x320aa6e53aa01fb85db1da75c92ad93eab98419b,0,0,0,0
15095,Moore#3052,0xa727c11ee000a8f0df668939f5af7a10ac4f253f,0,0,0,0
15101,bird#2092,0xe99b64da5de8b538023f0af6fb48aa7f0d11014f,0,0,0,0
15088,danynord1#0604,0x9aefd9324f637aeaf78b09d0c5e4764f271c3d4a,0,0,0,0
15104,sonr#4902,0x9a78356cf908a68a74066d40fd62fd8ed40dcd8d,0,0,0,0
14172,scoia,0x363312d80f9eb2ac6c946f6ac2533fd7f1f63de1,0,0,0,0
15090,willblackburn#5859,0x99ffa76f6623715a116f4db2a15d12639bcc4c82,0,0,0,0
14173,grombardur#9027,0x5dfa1a7f005b61f26c3f6c227723259f0d890d89,0,0,0,0
15106,hongna#0669,0xebe87a7b276a20ee608d82313c2b29e72e9b64cb,0,0,0,0
14560,grothe.eth,0xacf16886efa51ff0957ef321b8510e53d67d1d7c,0,0,0,0
14177,mikelxc#8999,0x86a6575a2320df1b06dfeeb4adc535ba83bb3c66,0,0,0,0
14178,TrevorFrench.eth,0x18ad506ffc6bd1977d94d48466680adacf366ca4,0,0,0,0
15092,sherodbuilds.eth#0905,0x1b507be46f4ca0f407b66436629439dbed1ad00a,0,0,0,0
15107,dapao#5948,0x577078a2030a94e110e22e035e6fb9650ba0a5b8,0,0,0,0
14180,glenmccallumcan#5204,0x9aaf60fa797286602afa807cd9e736794fb79ff4,0,0,0,0
15094,Curu#0829,0x1b5e3ebef1dca8fc68fad0c51a119035499df715,0,0,0,0
15108,cuckoo#6964,0x5d6fbad7236215068c29c862aeb6900dd30a2971,0,0,0,0
15096,pacrob,0x58ad805f26272c5ba06d24bd0e43c8a2d1c634d9,0,0,0,0
15097,Rashid Javed,0x61825081800b3a0e495b63f0239b4c95c23d0e4b,0,0,0,0
15109,liqun#7084,0x1115246fa9f9faeb7fae4bbce9a787589a4feacf,0,0,0,0
15110,8eggs#7747,0x0544c10cf254eede9711b9fb6cc803ff3c3bb628,0,0,0,0
15111,babay#4368,0x8db494c2e799c78c1660fcf2f47276ed7706e2a2,0,0,0,0
15099,Hornelson,0x6232ec3f402102448d6712d51cfc19c7892a2424,0,0,0,0
14188,palante#5746,0x15092e4c2c2736e8eb1846e3f0ce38da122e2b99,0,0,0,0
14190,joenrv#5387,0x2247d5d238d0f9d37184d8332ae0289d1ad9991b,0,0,0,0
15100,jaky#8481,0xe75e02de9b5559f2edbc673f500a5009d9e091ac,0,0,0,0
15165,Coordinapoor,0x66f70cfab4de1bd7374629a3e5a7b33ae5cd731f,0,0,0,0
15112,whale88#2627,0x4f7bd476a74b08b6554b650e1f4e47149262bc32,0,0,0,0
15102,shine#0629,0x0e7ed4d784717d1b7d82922fc79af6a45f17d81a,0,0,0,0
14196,nbaronia#4570,0xe3d73daae939518c3853e0e8e532ae707cc1a436,0,0,0,0
14197,JaredF#2317,0x8d7c95828e58a79b99e0824f4f9d3d9853469408,0,0,0,0
14198,patoR#7041,0x8559eb72aeb4c8c0028d8d6e146aea5c22dbd3f6,0,0,0,0
14199,hodges.eth,0xa075ec31f2bfd7977ba3fb9c61c814ce466e8f9a,0,0,0,0
14200,acolytec3#9648,0xbcafdd642118e5536024675e776d32413728dd08,0,0,0,0
14203,The Enforcer,0x59eee889d8056dfa5bb8023e81bee8ad9dc61086,0,0,0,0
14206,mdstevens044#6838,0x87822c3e737bf93341522f47de2ec93696047a09,0,0,0,0
15103,escoff#6702,0x316b427cd6e3f8288ff4de9fbfe482c10e477c50,0,0,0,0
15115,yonqi#6224,0x08001f7bc649733983473544e44080ad05fc4f45,0,0,0,0
15105,annadong#4051,0xd1eba6275fae2904e4ea5f728ed5a878f578b27e,0,0,0,0
15158,dao,0x311add981ef6f3af771fda6d0431958188f34af4,0,0,0,0
15159,CARCINA,0xe118c8661a4a66be6631c64dd62450d056e7e00a,0,0,0,0
15223,marc | wolovim.eth,0x378ff65cb9e9b83b86aa2534c9991e5b28f1ec92,0,0,0,0
15160,ensdao#9364,0x96e99a4ce092406b8c54fed16806a7d6e4c028e6,0,0,0,0
15161,7FFF#9107,0xb9832c93b2fd9c1e99cd44a54ccca0a8ec7d7fff,0,0,0,0
13612,django#7969,0xb525f6b3b5efcc0c54582de2f08d890f7793e3e4,0,0,0,0
15113,banana88#3099,0x44066bc585f2f809b459900a9393798bcf8cfe8c,0,0,0,0
15170,Ford#9388,0xf5e1c81577119f785afcea9132ea610d634e1c24,0,0,0,0
15162,Myl,0x377a013744a608d143c363b757a99bc06f9fff0a,0,0,0,0
15114,defi888#3762,0xd9412b13f79b6a671ce991b8fd3bea02c12bf105,0,0,0,0
15163,DanTennant#9278,0xd87ec9e7058a08bbc9ac932764c78810ab03efce,0,0,0,0
15116,ufo#6372,0x899ba626a64dd7fa102d29b13fade5424729c0ee,0,0,0,0
15164,Pineapple,0x543b65d285d708b6f23d667a0cc554fb22b458d7,0,0,0,0
13636,Laduree#6571,0x252c3fac878668c7e03fb6409d03b3b4e7391245,0,0,0,0
13580,Alex245#0896,0x1f59d513b05982e9c1a04344db5a7ab2cc1b1a10,0,0,0,0
13671,stratus#0854,0x0cb3e2a9491b25df7f976fe4af32622b9ebddd35,0,0,0,0
13674,tao#8617,0x563a2b808897e9777a55f6c7e2a1f68638c00738,0,0,0,0
13675,thatguyintech#8888,0xf5fff32cf83a1a614e15f25ce55b0c0a6b5f8f2c,0,0,0,0
13689,ÂáâÁ≤âÂ∞èÂàÄ#5161,0xb38544ccf295d78b7ae7b2bae5dbebdb1f09910d,0,0,0,0
15166,ghwh#9147,0x8ffcbca77572d1ea0193059690bf5a5978efa7be,0,0,0,0
15118,AndrewBird#3250,0x92bd289434cc1236b3c31272d1945905431df81e,0,0,0,0
14224,MikeMarques#9858,0x213ed4b340f1f596f4bfc2401c6630e34bd5fb62,0,0,0,0
15168,Winworld,0x5c64f7d3998a258f41cea81b60b184a8ea1e277f,0,0,0,0
14225,cruickabby#4201,0x13dda63c28bb95fe9822fea43ad5feaa966636a9,0,0,0,0
14226,paolotiu#3801,0x5a53abc668241de33255891a5c0f74f8d2f585a7,0,0,0,0
14227,acalx#5326,0x2ff976c27088bb1dc3dcb1d9d8ca6c27e664739d,0,0,0,0
14228,LQC,0x36db42001dff3b0dc2655f686cddf5eac72dbc2a,0,0,0,0
14230,yc00710,0xe4e08236b65556dbc44ded268be186375dda07db,0,0,0,0
14232,stevyhacker#2274,0x400fc9c7f01df3aa919659de434e0c584e68cb29,0,0,0,0
14056,iamcryptoboi#4476,0x97ce840cdac0ecbfd9ec067c6c1d326690d52c20,0,0,0,0
14058,Vinson#7610,0x3db00d1334b5fadd2a897d8a702cdcbb6f159d87,0,0,0,0
15119,meji#2669,0x3b1b3edb62b527a134e5a7541f8231a3840486e1,0,0,0,0
14847,carlosvega#6951,0x4ef36efabc26d3fd1c730a45d680890379580785,0,0,0,0
15169,Deape,0x0cff3fa9ee10ef32b118d7bbb625a7e89459516e,0,0,0,0
14061,ertyurk#5812,0xd232d5539998583e06d92b7bc4e3aeb2ba922546,0,0,0,0
14848,g-van#4446,0x008f38a71dd5e39f3eb4959411ebd724a4707818,0,0,0,0
15171,CarmenT#2280,0x93bc4eec55ecec85bb82d5ce4697c2cc06a05de9,0,0,0,0
14849,Konrad#7252,0x7b86f576669f8d20a8244dabefc65b31d7deb3f2,0,0,0,0
15123,cork#0944,0xa79d88df800b498f997f9055a0c5ee8e44dad629,0,0,0,0
16849,IanXu,0x991f3775c81d6f8331b9a812eda34ea48a7ea76d,0,0,0,0
14068,ael#4269,0x30fcd505e2809eab444df63b02e9ba069450fb3f,0,0,0,0
15172,DanTennant#9278,0xfc2eb337b2a3eb37aed32e840e313a5e65bf3e4c,0,0,0,0
14077,ÂíåÊñá‰∫∫#6701,0x54e29c3c9775b3d97fc8069b1516e4bbc06036e2,0,0,0,0
15173,ÂàòÁöìÁÑ∂#4323,0xe92c558ff019cc87c7bf3aa5ee9854708d0d6739,0,0,0,0
14079,tomo#9487,0xa62d3d7334c3d47616dd5ff665c6bdc433f85002,0,0,0,0
14080,‰∏âÁñØ#0082,0x526a889252e7fa000b507b31cda57a8a055ebd53,0,0,0,0
14471,gabewin#3170,0x16443f12e76eaf0096789b683d80fcf5dc9d6f7b,0,0,0,0
14082,m4cd4r4#3476,0xe3bb8dd952438d28c68c60d518fa78dd93b83dd1,0,0,0,0
14473,mojo#7777,0x2d45ca961b6915acf2f88064e542e37ca4cf9192,0,0,0,0
14859,jonie#3541,0x6eba5b898e9e24c1fd0062025ed96fa751170ec4,0,0,0,0
14474,EricB#2877,0x7006e0df6ae3fd815f6e11ea51086e4c5cbb86fc,0,0,0,0
14083,Maven#1442,0xf97e1da1b688dd6a6f1cac2746ddf242de6ca172,0,0,0,0
14860,zhang11,0xb594947f9cb57b4500177916b16f419922f70027,0,0,0,0
16580,blackpaopao#7315,0x7f86c79c1d458b03c14e5a6c658100283a1c3cc1,0,0,0,0
14475,alenque,0x910c60c049d833a7fd2f5bda310bbea1c5fa3598,0,0,0,0
14476,cmwhited#0007,0xc142bcf040abf93703c03dacf02c54b40da0edeb,0,0,0,0
14477,baby,0x6d8624cdc097a525e8b36763c6df284b15dc8d64,0,0,0,0
16661,Sourab,0xb5f670a386ff6245141084a62f60cf4a955fe2bd,0,0,0,0
14862,0xNature,0x014607f2d6477badd9d74bf2c5d6356e29a9b957,0,0,0,0
16664,lunana#4247,0x78532e3d7a11cba572724f98fc4ffe9ae03a4ac3,0,0,0,0
14086,alex123721,0xea2b48a6f5c1dc10d2b2ae2fe09d60b55f12dde3,0,0,0,0
15132,ihourui#6330,0x57a7a5ea0209385a7aeb868c15b65adac4918d19,0,0,0,0
14865,JXXL888,0x33ffa2786c764a7407e3bc2021ecdca0408f6ab6,0,0,0,0
15174,Èò¥Â§©#2271,0xdee15baffd85ddbb2e907a8683b6922cd05e4355,0,0,0,0
14866,chongerfei#0974,0x33231c4171e4d6a864c05b6db61467ec2424efa5,0,0,0,0
14867,howhy#8654,0x05f7f81ef8b158be44b96a3a3bd5351bdf28946c,0,0,0,0
14142,Alex1237,0xea2b48a6f5c1dc10d2b2ae2fe09d60b55f12dde3,0,0,0,0
14868,ginlee#5299,0x8420818ee975a76c47a21e135c14c57a681d8254,0,0,0,0
14870,blockchan_ryan,0x1160fbab2e4f4ae614b741ed1633258c12063e5d,0,0,0,0
16616,bobo,0xe12c95faf4656bb4482a9a840901d688f90bfe72,0,0,0,0
14871,huanghunguohou#3340,0x4295b6f551db767fa3144d306d3c65ad314d9c3c,0,0,0,0
14872,cxsyt,0x67149c6a2aa490636948b084d88dde8a958ca269,0,0,0,0
14396,millionpounds#6934,0x234b2dc6074e0b1e5373fce8a43d288886312ae6,0,0,0,0
14873,mantee #1499,0x9e7e6f7588ff859bc182039b46bd4c94748a79c5,0,0,0,0
14397,Breeze Zhu,0x2ae8512b8f0399fd4348b2f4b9a50d03a5a62af5,0,0,0,0
14874,bigSong#5757,0xe41266e1066295c7cda9089d810e7bac17d6d89e,0,0,0,0
14398,kaisanear#9773,0x83940789ecf1123ecda5259d180ff4c7637c736c,0,0,0,0
16619,amh#9694,0x6b2a13ef8d22df9bf44a5a4532e1b0bbcce6444a,0,0,0,0
14399,luolan,0x49fcdc4f8b7967cae6c7dbd7322c8c50230b2cf1,0,0,0,0
14403,arielli.eth(œÉ, œÉ)#7543,0x382cab376440f92d4943f8b47dd45645cf98be0c,0,0,0,0
14409,door#1337,0xb03285e2b6acb3d27da071e0585a3ec7f9a378fa,0,0,0,0
14412,8F_0x5D#0382,0xdba1a543a291ffc995fd898008766c788db0fb21,0,0,0,0
14343,Human1983,0xc70804e0ec03bcc6064a7339d0a341c454547437,0,0,0,0
15175,@Junxi123#6886,0x29e15791ca4f1c6110240fb3f01f779176b0e001,0,0,0,0
14016,Soil#7944,0x322ca5c9303d52b9d6b25ebdfd774b7a324349b8,0,0,0,0
15176,qshy#2542,0x461d12443b7396f1d64be5cee5a258c58f50c9b3,0,0,0,0
14861,alp#8077,0x856dc4a12f08afa49f42b52f81769a96505f312c,0,0,0,0
15177,keyneszeng,0xc2893a33ca7d0884c245ac0a7a2045272620d11f,0,0,0,0
15178,willbeback,0x9d8c50af9e8908371502110e19299dd548fc5ea3,0,0,0,0
14415,weatherlight.eth,0x7e3a74ab669d4c5f411940e97d1c29db3d39e950,0,0,0,0
14184,axantillon.eth#2926,0x5bfad8b41f8172375db73344b53318fa290b1030,0,0,0,0
14857,big fish#6758,0x7da0e97cb78832463914392b5d414c1befa1fb01,0,0,0,0
15179,zhangce,0x4a0b8647e8d3bccf07458d87bfcee822cfe55be6,0,0,0,0
14150,brook,0xa698a0adffdf132e3f8f35f3c89c0b9623835090,0,0,0,0
15180,Sunvo#2891,0x163282f109b86167a7017a9db2c995a9240dff38,0,0,0,0
13605,cy4er#1944,0x690ea1e6078c71a25b95ab13a922ec8922960c04,0,0,0,0
14716,jowis5459#5834,0x5d0bc46b377db16f5e58d47af623b6fbea5c3e57,0,0,0,0
15181,w998899#6880,0xd746b44e5ef9a6bb4f6c8b1c162320d424e61839,0,0,0,0
15065,jimly#6980,0x34e355232986afcd5dd71f317e6ff53ffe30822f,0,0,0,0
14153,fantaocn,0x454f534430911095fa4195aa5eb873972be0f39c,0,0,0,0
15182,liangchao996#7471,0x6f48896490146f818d9b1e5c257af47922006a50,0,0,0,0
14858,fengdeshengying¬£8774,0xf55c02b021f91752521c0cb74303565f25baccb1,0,0,0,0
14718,Èù¢Á≠æ36,0x43e335da57c3928f1cfa75775a3694ba792c9a7b,0,0,0,0
15067,sumi,0x7d62667ca6636f5c4811114d8fdc0cb841dfd003,0,0,0,0
14211,miluer#4107,0xd42f7148d63e567126f3f436b745c3ada2f2afa6,0,0,0,0
15068,luoke,0xb43c46d5880638e23bab7b7d4e3857b7703933cf,0,0,0,0
14719,renesis#0088,0xcd5561b1be55c1fa4bba4749919a03219497b6ef,0,0,0,0
14863,scsuab,0xad4745844bc838a22c6d63213507bc888dee3fc4,0,0,0,0
15193,elana,0xf3a750f52c46e7f086d6a02e0e78daf1b595002d,0,0,0,0
15069,luoke,0xa15a76dfe4be54004869697b6dfb6372703b68c6,0,0,0,0
14148,wangyu,0x3a945f57ad3cec607987963926e7e67fd3e802bc,0,0,0,0
15070,Joyce,0xf6934d7f21e914436847703716c34de0a4de326c,0,0,0,0
13683,wenwen#9999,0xc301f5b31e4894fbc89b777883ccd4304672b655,0,0,0,0
15195,vairaja,0x2f1a8f5d8a40ad4fc7447439dd0cf17f6fb5c892,0,0,0,0
14722,Ban,0x94f19afac68d89eb7577087e6cf5819ab18ffd45,0,0,0,0
14723,futurer,0xffb6d3c42b07c17ed0b6be1136d2ebc599b2562e,0,0,0,0
14505,Kingtutsmeteorite,0xe45f4dafa9d0d0e2c1386e870567eb8f878dc86c,0,0,0,0
14506,revolutionaryevolutions,0x6f064b20f982438b0bff595b94693811debe37aa,0,0,0,0
14507,thecometcometh,0x1d60eede81a2fcfffa718bdd5ef553183f8543fc,0,0,0,0
16894,unnen,0xd58097a67e91cd410d0fda4ad7db2618c917fe30,0,0,0,0
16913,mdizs#1946,0xbddf8194ccc04be52d3e66d5dfb63edba8735e40,0,0,0,0
14508,HadeanEon,0x3a78c8511c27b19cf5eb86ece96e76551a0cd2d5,0,0,0,0
14509,0xOnizuka#0001,0x0e856f06373225413956fb245aa4e595dea5ebd7,0,0,0,0
16914,alikonuk#2678,0xd6634f05bc79c19cd7027636f3c7c29e853eb844,0,0,0,0
14333,wesley,0x391985fdf0f28de092027d52763621221684cadf,0,0,0,0
13381,Coordinape,0xfad763da9051953fea58c2304395719a3b6ba361,0,0,0,0
14511,gaoyr,0x38c5e856440c5444aa5774d1b6d4088a6388836f,0,0,0,0
15072,Fencun,0x9522190011e4f3cff52ad70be486c9aba8888888,0,0,0,0
14427,yong,0x4bd77e5637212bc070b6c1382b3bf40bc1a7de18,0,0,0,0
13380,willblackburn.eth,0x76da95534c57516625948baa9d069d5ed371b324,0,0,0,0
14512,Â∞èÂâë‰πãÂäõAnimal Society#8132,0x506ade0a94949db63047346d3796a01c09384198,0,0,0,0
14727,Vane,0x06175bb4c2f213ff8b1e123e5f77312a47ae3364,0,0,0,0
15074,gxia,0x6c758b6b261b4ae2331082a087d43fcb25aa7be9,0,0,0,0
14513,wujianli#1182,0x8ebc08c08b79c7ee7de645fde878d0dbcdbf93ae,0,0,0,0
14728,toLex#0847,0xfe3427c0283b95e473f8781b3a8f4dd3b58d3ea3,0,0,0,0
14514,fghh#8978,0x8e67f585ea4b0fbbc05cede51d346b269e322a33,0,0,0,0
14515,wuwu#8477,0xd1bc2dbb8ebc0707ed89499116040a3efc3f97f2,0,0,0,0
14557,carrie#4992,0x2a795ae6a556d159a826b57d58f1381f74cd9f2e,0,0,0,0
14516,eleven#4273,0x4cb780fd3286f2d10199b61423d1c804bd2a5d2b,0,0,0,0
15077,Matteo,0xe6ec7f3155bf378a24b93677eff2ccf05def231d,0,0,0,0
14517,hyman.eth#3900,0x8d5b48934c0c408adc25f14174c7307922f6aa60,0,0,0,0
14434,zhqgit#4750,0x7fdf2b9004ac747acbd66391eb19731aaa641ded,0,0,0,0
14731,jason,0xe4e01b05e815f91e091dfbef064eb1d832b03a53,0,0,0,0
15078,fscwx#4858,0xc1ff85c123290878d8fa84bfd123b3c81909fe22,0,0,0,0
14305,0xNuzair.eth#2934,0x1bd506aed4e48609a63371c5e2571747a249b1b2,0,0,0,0
14435,LinH#7875,0xbe226a1d0d4284a453fb1a82850e82ec64acd6b8,0,0,0,0
15079,manhome#5944,0x064a768bb4e79f22ba0dcb3c5d2421ae32d51003,0,0,0,0
14518,Coony#2503,0x987339c64a70f6f32456cb38cd326f5bcbbf9d0b,0,0,0,0
15071,ypfkk#4046,0x705ab50307c18ee659c77ac0f8d5240f34f66571,0,0,0,0
14519,Jackman#0217,0x57d23a76582f30b09106ced93efecf2ef718e187,0,0,0,0
13592,BriceD#6099,0xae26e52d785fcd3a7dab7237c00dcc69d1ff759c,0,0,0,0
13598,chuck25#4313,0x7bf8d97f9952a55adb8830fe6cb9486dc3a1fac0,0,0,0,0
15080,mh365#6620,0xc7c8e9003ce878c4011695c28a1a0e1ee2bb483d,0,0,0,0
14437,noahliechti#7069,0x08a5551231ec36ca85b93c87f78c6caebfbbbbeb,0,0,0,0
15076,TG1911,0x8e7ea7126a10df07b3ed6f425ebf7632d6df1548,0,0,0,0
15085,man2022#7370,0xc6c34f9d6274003fd5c57e2cac0491dd9f30b386,0,0,0,0
14308,yoanngueny#7263,0xf72254db200a72c0a560b7b4dd1e13ef081f29cb,0,0,0,0
14438,shadowfly#7103,0xc110e4e945f0aa96a7f5ad479ba8b4c4514c527e,0,0,0,0
14521,potre#1971,0xb8400d8cdf0bf47dc1a77dfaa173556e6cc315bc,0,0,0,0
15081,manhomeg#7657,0x373be74324aff93be17fce300173aaebb999e7ba,0,0,0,0
13599,cmls#1226,0xbf1cbd11de2f0d0878cfb4947392eb08cce5ce67,0,0,0,0
13619,fomosapien.eth#9091,0xd01a2311ca001241502394d25bc08b0ad8cd2229,0,0,0,0
13620,frankTurtle.crypto#2547,0x1a3605223462b6a3768998b79d2d7e7170b6c4ac,0,0,0,0
13621,geekbread#6895,0x0381f313983b70b0e3cc07d3496146ce4bec6ec3,0,0,0,0
15224,Zduane#3864,0x3eeace99e68d0e926b2be4a809a0fc2aef825670,0,0,0,0
14309,cwxg#2033,0xa1b5af8eccc097fac2a68f878754aa8202092bab,0,0,0,0
15082,fstom#4115,0x9b13ebdaf067738c6b2476354efb2cfe12d74f51,0,0,0,0
15150,simon,0xd40bee376bf7d6939c650bc00dfb76ad7efa7612,0,0,0,0
15086,ma42#0432,0xe5b332c30db3a69ee4969328739dbf902fb7973c,0,0,0,0
14440,hokanu,0x2227de445dbfd90712c48bcd74d492ccca1cb242,0,0,0,0
14523,alicia,0x4090c163efc3189d1be9482fa6f090fbd9d8b0a1,0,0,0,0
14310,Peng |BOOMGALA#1493,0xe7dacc335483667489bf67261f723e7da9197c95,0,0,0,0
15167,myIvan#9377,0x75fd2bea5c16f587565770250d638d967f982953,0,0,0,0
15318,ndaugreal#3566,0xc029fb122cf66815837b83ea93c6135472a6eadd,0,0,0,0
15319,ooenheng#1954,0x576eb27cbf54518d3de5a38ea7746ef6a9b8b5e6,0,0,0,0
15320,TheBBz#9669,0xcc0ff1d8cb212363abd32bfc6eee7602f7a84a0d,0,0,0,0
15321,Skibarius777#6915,0xf65b1a5537db39bec19e6b66026458a7fbc65c5a,0,0,0,0
15370,Alex,0xea2b48a6f5c1dc10d2b2ae2fe09d60b55f12dde3,0,0,0,0
15386,Alex,0xea2b48a6f5c1dc10d2b2ae2fe09d60b55f12dde3,0,0,0,0
15130,tianlitao#9280,0xabaf75a934e8b4da85db7c79a9e8c5a0022a1660,0,0,0,0
15527,xiao#3885,0x61b27dffd80a11e5bcb4f2a8f2b5f4d97f54c2ac,0,0,0,0
16915,mdizs#1946,0xbddf8194ccc04be52d3e66d5dfb63edba8735e40,0,0,0,0
15530,RadhaKrishna,0xb11967a829c82764bb8bb4bf5e70bd2120956275,0,0,0,0
16917,lewis | subject026,0x8a35d1eb766f4f0cb3bb34760b7628f3e04c1c0d,0,0,0,0
15796,MEC2021,0x4a9c0476d4942670e604710074d4df8e029c657e,0,0,0,0
15797,Carapace_Bleu#7779,0x9f574c6c58a470fd10f4df3520eb378f27c60a6c,0,0,0,0
15798,tbyfnr#2806,0x7859e937d2715f006d346c0630117481aff9fcd4,0,0,0,0
15881,sumrise#5561,0x00c839ecbded01790d35885a639589e1f75f6318,0,0,0,0
15877,connerchyung#0624,0xc82a8680c0351ad0382b74cd6433c6ff41d1c528,0,0,0,0
15938,jacky#2910,0x1112e4de909ad712c1153ba4e8f6b16b19999b6b,0,0,0,0
16847,good8.eth,0xe60efb936af0c8f2b596cd1e2fbaa36a08e5d1dd,0,0,0,0
16848,rome,0xbfe2e3caa45cc9a4cf7e8c9f2ede5688141cb60e,0,0,0,0
14524,edric,0xd84deb9cf4562c6d9f52ca50086bd8a8617b6388,0,0,0,0
14311,bitomoon,0x0aa5973f2614dccfbe53c8273da22502d7e4fbd5,0,0,0,0
14525,violet,0xb894276863439757cca6efd78b21d068307006ce,0,0,0,0
14312,xwd#3058,0x5e8a916c25e5beae829df81c1a97d6019acbb733,0,0,0,0
14442,ZhengMaoWen,0x944f431eac56035744c7ba4be1b18af2bf8876bf,0,0,0,0
14319,felipe,0xa96d0a707dff0718bba819361cea0da0d0d48302,0,0,0,0
14323,Erik_Knobl#0082,0x06ce7aa062c3cfef67152ef45147213ee33d42a6,0,0,0,0
14331,arch,0xe7b774c736d50c04487c63272d872847d46c84ea,0,0,0,0
14338,jhw3D#7189,0xcc71e3f7778fe3fc551dd89cf48628c3e3740002,0,0,0,0
14534,Kitty Gang | kb824#1968,0xa38f82506c3ab79816d625ad286574133fc6f4e9,0,0,0,0
14739,takethefake#9604,0xccf989e5fdd0a2af85617afff0ba3d13f6cb55c3,0,0,0,0
14549,yuan#5397,0xcbcc36af59675e7b291dcbcf7c5adc7b9894969d,0,0,0,0
14156,SkillExploreDao#6096,0x4fa4167b3c94a80416bbc768fb919bf3ace9f8c2,0,0,0,0
14554,ygg#0183,0x8c2e843664be468522769b0d1b3b604a17962249,0,0,0,0
14556,yuan#5397,0x72b2cb558bf17f9e5aa40754a4e26ec480c07554,0,0,0,0
14163,kotiin,0x997288100fb31c7d1a85a342045cef11789c5497,0,0,0,0
15155,RENEHAHA,0x023224988a595aefb6cfccdcf59937276e3a7494,0,0,0,0
15089,k0sakuma#7460,0x19122e0791dd8cdbff60e3ec02e195e17b06ba31,0,0,0,0
15156,FlappyBird#9670,0xbf59a102c38d4f4fcef79f32c2f6aebfacf08de9,0,0,0,0
15157,Gh0st#3901,0x7558899d8109d8a2ce457837ade56c3d6ebfe90d,0,0,0,0
15091,Cryptor,0x6a62a664974939513f165703e76ab8e16ac8eb17,0,0,0,0
14179,petek157,0xf5ae48195167eb071370cf4c9a2888dde816ffff,0,0,0,0
14335,0xHegel,0x23268da38f400a74e932d40b95c0a5956578410b,0,0,0,0
14186,wllila#0881,0xdc486f4359934a05d1eb71ccc339cb9a9fb544f7,0,0,0,0
15098,nelson_,0xf11a53ccde640eeb6133dbb5cbb656d799f12ef5,0,0,0,0
14194,rohail#0001,0x754a42d09525b580b65c3bbde8a4599b350b3de3,0,0,0,0
13831,kempsterrrr | D_D#8590,0x4e8ad3c90f026e4d034b81ba0e1a929e77d80b36,0,0,0,0
14201,Maximus#0348,0x946692cb8b0db85f82a35e32be82326de90cad41,0,0,0,0
13584,aturx#2545,0x21eb14be414edc32a819525c231c3ee97dc811f8,0,0,0,0
13585,Avx#6925,0xec413caf77bb1e501a793527e2bdaaa44412b8f6,0,0,0,0
13586,BeerMagician#8008,0xe9225f057a16f600c4ee2b6c169e93534381d0d0,0,0,0,0
13590,bravelion#7120,0xdc510e024b9762595f6a01a77cac0048a1655e86,0,0,0,0
13609,defendercrypt#5765,0x8c8530e7a1fa18d415dc8c42594337703e44c357,0,0,0,0
13617,ezra#0001,0x60ecadc9fa4d4938f554954ec6da578ebe191481,0,0,0,0
13635,kootsZhin#5096,0x317379256fddcb3ec5a5eb00b044fd9575038b7f,0,0,0,0
13638,l√©o#7885,0x53dab8458d869389e5cf3a29cf3b3b3c7f5c8d7a,0,0,0,0
13640,lyu#8818,0x1c45cdcd73abc21df7816f97deb0360955f54e33,0,0,0,0
13665,r-strawss#2624,0x64794d378267fdc0a991d11083fa4ebda30117bb,0,0,0,0
14229,psytrik.eth,0x125a80c1a2da9f958c2448848c72a55e3acc1c42,0,0,0,0
15121,MissYao#1127,0x8dbfa751e85ba82ed3a89df4ed9dfe472d879a89,0,0,0,0
16850,La_ma1n#1267,0xcef7aa520b21c1597db6979a6aadd61be8bbd43c,0,0,0,0
14852,snugmode,0x7d84d2a80ee6e2494541a1fff87fbaf04520f5af,0,0,0,0
16851,rahulthemistri#9587,0x65acf55b8609bf380b6a9ebe55f6c0c2e72d55c4,0,0,0,0
14853,daytonix,0x9ca22b19ff361d40d8b6990c19fe079d79b8e2f6,0,0,0,0
15125,Ajinkya Shinde#4573,0xcf193782f2ebc069ae05ec0ef955e4b042d000dd,0,0,0,0
14070,Jason9891#3719,0x9ede3c9dd3edfb3ed8d844054f6e3eae31232d23,0,0,0,0
14071,erkeginozu#3834,0x17c9becb561f02e852404d22f12d870fae7f9003,0,0,0,0
14855,theprivileges,0xe19dce23471f904adf2cef382ef7e4c3042ffb4a,0,0,0,0
14856,Storowitz#7790,0x55d2ba484c94516a9688d07017ed4a4232d9b308,0,0,0,0
14073,Berteotti#0195,0x2b1a6dd2a80f7e9a2305205572df0f4b38b205a1,0,0,0,0
14468,tracyking#3685,0x7a63af4ac4bceb7c38f0d62f84759a28d3fe2440,0,0,0,0
14076,Coinman#3184,0xcdddcf576e2018ea8d22461137a8f1bf9ab4f8c1,0,0,0,0
15128,jayShen#3148,0x6ed73292c49a8a5e6ac4913ff333fb2134242d2f,0,0,0,0
14470,AH#0141,0x53343e285acb836578f0a9407502ed9909fc9bff,0,0,0,0
15184,tyz,0x10dbfcfd43b1c9bcca0b5d0d895e528965f1a09b,0,0,0,0
14084,with-heart#0001,0x0260747304d05f19ab644cd6e363182396c8bd89,0,0,0,0
14085,agileurbanite#1795,0x11fd8f7b4e8acf54be24ee85517b90f8755e7a96,0,0,0,0
16660,yokulguy.eth,0x20b35d6e0c4accf0391fd8fa98bbf63d737fc8aa,0,0,0,0
16663,PATRICK#5431,0xbde902ef7db798de8001a7589e59af9e8d82b158,0,0,0,0
16667,anarchitect,0xc564401f61f997fba3efe278a8a9920c51bb2b7e,0,0,0,0
15131,allen4187,0xdccddb7432b7371745233410c943f4882df07937,0,0,0,0
16617,jhoang.eth,0x8afd5bffbaa9176d8ed04a865e2236c15423f9cc,0,0,0,0
16618,Gosunet#4207,0xf20d7047cdc79e569f3123cf7c457d2a85c534d8,0,0,0,0
16620,mellowcroc#3387,0xd5db27c6f66296af85ee11dda699c8eb40bb62be,0,0,0,0
14187,frankmartinez.eth,0x01bdd23448f53594bcb8163055155194177c0fe2,0,0,0,0
14402,Justin Gao,0xa6e5101163df5404f61998604aeadb3155eb238e,0,0,0,0
14404,blenlock,0xcf4d9ecf1a7524d4cc4a33ffcbfe6a8dcc8680b2,0,0,0,0
14207,sml#4026,0x24a1954c17274b3c3505f50f0f251e3b4079eb07,0,0,0,0
14702,QEDK,0x76577d204a5bd63b6d006222429c4d5124f4619c,0,0,0,0
14705,Chris Ellis#8727,0x9b63408a1d1eff1dcad4dc325584481df84042d0,0,0,0,0
13781,mikespellcheck#3095,0x39f3163adfa42738187017982dfbc7c85b21e84c,0,0,0,0
14411,jimxjim.eth,0xeeb991702e3472166da495b22f3349a7a3aa638a,0,0,0,0
14413,zksyncfan,0x3c5cd17aba802a0fc4c613be66f687c9e4c70eea,0,0,0,0
14711,xianseng,0x2e3179c194ef3abfaee73c38b45ef8c65b2137b1,0,0,0,0
14414,yepbig,0xc5d9526587908a525cc441ef820e660c17bbcfc6,0,0,0,0
15135,SoKei,0x427e10bb0c32c1efe38d783e1b96b35de2b3c608,0,0,0,0
14416,open88,0xe5b53768bc127440cd525ca51e02fe6f8ca90848,0,0,0,0
14417,MZ123,0x7fdb6460edfb64d5dbe7e6b845ad3c4dac96c0b6,0,0,0,0
15138,Yu#5549,0x366e58737164430af4aed2856840be9bb148bdc7,0,0,0,0
15229,geoppls,0x14aa7cafb8871cafa3e02688b66150a8ec338579,0,0,0,0
15139,Derek hu#2629,0xadae583beba5085c29faa876847ad9891104c3e6,0,0,0,0
14717,Bojack,0xe913c0f42fb60f85bd43bdddaf4e004135ef318c,0,0,0,0
15191,fronde,0x27a8767aa89f6c8596787e77042ced86529ca736,0,0,0,0
15066,1991#6140,0xf492b28cf8d43b42ca0bee2205f53ba1001c3237,0,0,0,0
15142,devfig.eth,0x00528b5c7ef0a062bf296c7d0568598a845b22d4,0,0,0,0
15192,agatha,0x686d1fe0b23c7379ef6142646f9d7da7efd03861,0,0,0,0
15194,adonia,0x090cbd6c19d2e9b79c43a1d59d9e80d9daaaa7c8,0,0,0,0
15196,abel,0x9ac69b5a984cb788add98a3f15094b05dddbb04d,0,0,0,0
16895,pedroapfilho#3251,0x53d120cf09b21c2fcc67814cdf10c8ca9bcc7670,0,0,0,0
16662,nbastore.eth,0xb31abfef6710675de9e17e053c8466ed3497757d,0,0,0,0
14724,chichi#4159,0x6f993d3ae0fbe1022d8a9496ebd343ff9bf1079e,0,0,0,0
14510,tangenter.eth#3613,0x20cfa3012b87d61b684ed6b687b0c03178e06ebb,0,0,0,0
14426,czvb,0x3900f736e638b862e8d87f9d26907802e1d07425,0,0,0,0
16896,Digi,0xe5c674dc6f27d1a8d761dccbe810485f096ac19a,0,0,0,0
14725,dillon#1910,0x1bf555e99b9056e75f5752ebf6593c4929bf5d50,0,0,0,0
16897,drgos.eth,0x7fe68f4041a02a08a34536db02776b4fa0380580,0,0,0,0
15197,rosine,0xa549907e10e553d9b77df3b12cad7dbc2debcfe0,0,0,0,0
15075,blowfish#5874,0xdd4fc7e7deaa6f2ffe720a4b8d054cde32936004,0,0,0,0
14729,Rhom(‚àû)#9375,0x11f3196443bfe5ad50513386e1c3826cbbd2d72f,0,0,0,0
13595,Canopix#0742,0x4618f46a780731d6fab814d0bfd93bc6c53567b2,0,0,0,0
14520,0Xxincey#9256,0xe445fef14a01ca240bc41c944bf73b2fa862dbda,0,0,0,0
14734,tinto,0xb785a498755a8c64c9deea91ec6374233f370712,0,0,0,0
14735,Â†ÜÁÉü#7170,0x2ba1473cb3973c288312a92fb8930bb0af2cae02,0,0,0,0
13669,shadabk#5423,0xbe8683952a47717c1677b0ef2fcd780437d8358a,0,0,0,0
14439,stewpage#5871,0xd8552cd64415efcdfdb9fc8f96c4ff5bc4e3c1ca,0,0,0,0
14736,Mathias#2152,0xeba9fa665f5602682f94753b1bc2a8061cd43357,0,0,0,0
15306,tesla#5665,0x911edbe1f92cc67f7baba6d38381ba16e76ff7df,0,0,0,0
15307,tinybigideas,0xdc5035885043e12c2bc15fc4a4faafc2d83aa701,0,0,0,0
15310,existentialism#0025,0xe1b08ac68f95e07b328316167d1e30a1f0801aef,0,0,0,0
15317,DavidwithClarity#6484,0x137668ee48aedef672430cd7b0fc5d33a46735fe,0,0,0,0
15344,decheng,0x73e19c7e79298320669118776bc96bb63b78ac0d,0,0,0,0
15345,ericzhou,0x138cb7a2b9e8e4b1a7994d08ea6475c2d2ea3950,0,0,0,0
15346,akbiuv,0x8d780f2585db3c1f64fbed675ea476c63491978a,0,0,0,0
15348,Alchemist#8016,0x66a2b926cd7d5d5b27156c262c563a37d2271206,0,0,0,0
15349,tianlitao#9280 ,0xd78d6316e16f25cc54cd14af120dfb9cb8698d70,0,0,0,0
15350,nicoburk#5683,0x2f81af83728f627ddc7ef699d043aeb21f11d877,0,0,0,0
15351,BowTiedHeron,0x135d2bb342c9ee472885af9b88cf75b2430d15e5,0,0,0,0
15352,hmz#5889,0x3ab6624f91f667c8206a78e6e2b5754edc7b5c71,0,0,0,0
15353,gogodao,0xbce955cf4c60bd2e66f264dfc335d78701eb4bab,0,0,0,0
15356,toKickUP#4844,0x1f50823bd5006cb8ffc95456b25bd55176bc01c7,0,0,0,0
15359,Wouter,0xdb6e0564e8687d99c44129d1fa49ae4df5c0d9de,0,0,0,0
14558,Rabbit.dev,0x71e671484c14f077d355080c13cf9c7f230be207,0,0,0,0
15222,nader#1506,0xb2ebc9b3a788afb1e942ed65b59e9e49a1ee500d,0,0,0,0
15382,zzx#5663,0x77f3757dba7c4f387d299c299a2eb418cc61ddd4,0,0,0,0
15372,Zil#8005,0xf89b81cf785b7d8d461e892e5b97fabba3934acc,0,0,0,0
15374,Chris S.,0x17aa4c39d9b3996b2f7994da83e14c5acb5f9d7b,0,0,0,0
15375,QuiintDev,0x7b53f329464d5775df42661b1068ee9e0cf934de,0,0,0,0
15873,roohchill#0034,0x0f82cf68d136af841158af6b7026fb01cfe64878,0,0,0,0
15878,ptrcks,0xab6c6e530290080fd277b75088a897b6b82fe3fd,0,0,0,0
15882,shangji1559#5390,0xe6474ab7e1a3d07515cf1e93e904b0c0531791e0,0,0,0,0
15424,Ivy#1190,0xadd922c4966514fb6c10405441fe690ece5f804f,0,0,0,0
15425,Annabelle#7965,0x25bfc2d3ab9d6ef0b0c93dc8a528b81f483fb586,0,0,0,0
15426,jonah,0x63d7d0795cb4fa8899e18b024f0b97ed72827d22,0,0,0,0
15415,jhcrypto#9225,0xbe84115990e0be631cae78691a57f87bfb707028,0,0,0,0
15417,Caos,0xcea5e66bec5193e5ec0b049a3fe5d7dd896fd480,0,0,0,0
15419,free pig(üêá,üé©)#5694,0x7bb4860dcaeec291b56a7e3f74f299628e3bb239,0,0,0,0
15429,0xphoenix,0xcf2b7c6bc98bfe0d6138a25a3b6162b51f75e05d,0,0,0,0
15420,rochestor,0xba07e5cb42ca05d2fc3d96514461d7245050eb7b,0,0,0,0
14542,jotagep,0xa86efe1bc8c344e968142450a9a527bb4048f659,0,0,0,0
15528,wu#6440,0x760101382e09c357794d90482ee5c4429fc54641,0,0,0,0
15529,wuji#7327,0x579dcc13dd9df276a5cdd63763d68695d24d9bbb,0,0,0,0
16916,alikonuk#2678,0xd6634f05bc79c19cd7027636f3c7c29e853eb844,0,0,0,0
15874,bigplayer dao,0x00ee80c322d6e956d2629a73223605bbda946f2d,0,0,0,0
15883,GinoLiu,0x180c06de66e2d5bc1bc13ad17634b992f76ea90c,0,0,0,0
15484,seaify,0xf0eaf0c77c1362ad4de668755be5559eb47cfb9f,0,0,0,0
15486,lasercat#1836,0x1af331dc34dd7c5c62af28b5685328318b61888a,0,0,0,0
15487,Matrix#8888,0x6c5bf1d3b2dc2e8b5610e3ca23ba59f98a7ff6e6,0,0,0,0
15490,pokl88#5402,0x952c23f8f067a5e7e165ff0e42491f51d87dbc95,0,0,0,0
15491,javi#2263,0x061294782b7c73a675cf54124853c8133e3463fc,0,0,0,0
15495,Sang,0x1639b5a337c5be3776558e55b7ec55734fefad4d,0,0,0,0
15496,colin wong#5061,0x3a409eff50a47aeef294e3f0bb3874490dd99abc,0,0,0,0
15499,Rishad,0x4812dfad5e74cb2d1cdfb2bc7f05c481352028f6,0,0,0,0
15504,yeahyou.eth#9037,0xd3789225c43b79246881cca2003791c4472d3594,0,0,0,0
15505,heinztomato,0xb4135c81b194cae8dd2c4426527e880f95840acc,0,0,0,0
14320,Joelüè¥#9244,0x8a61482c99dab4db6a865b60aa669f6d4a030c0d,0,0,0,0
15523,ICE,0x8417cee51998e2dc35b71a6b55a9354581b6fdc2,0,0,0,0
15525,goodman#7656,0x5e1610784f0b8c1cd1df8170ec28a59e94cb5c0d,0,0,0,0
15526,nightdada#3713,0x4c078cb14b2d321231a90089195317968957896d,0,0,0,0
15663,taurin.eth,0xe9037be05552f88b8480ac5618a7b51fb14b308f,0,0,0,0
15665,firecrow#0064,0xa1ad7f9bc7632f62208f71a6064b352acf4f4500,0,0,0,0
15667,rizky.eth,0x822dca54e178c4a19377bad47c8a092f8d66f7d4,0,0,0,0
15802,Harune#5900,0xd5641b853d88e631032427fa8a92b2fafbd2372b,0,0,0,0
15875,LukeRead.eth,0x24272dab67e5250239ebf5d37ddc43b01cb2467a,0,0,0,0
15799,Daekano,0xc9f8d9a0e707e88c0b17a01baf319739035ce07a,0,0,0,0
15801,maybe_i_am_a_robot#6439,0x67af30aa4a94de07d12629ade1bc392df8fb0a52,0,0,0,0
15939,ckkl#5065,0x1775cc97e5c05fde8b571ef75ca52d0a9ff19025,0,0,0,0
15942,abbya,0x15a643aa08663e67cfa375287a6c5789599049f9,0,0,0,0
15134,wingo,0x0b1f8ee2f813f06ac5fb8aad74aacb71fb2f51fa,0,0,0,0
14418,nblzcoin,0x291511c4f818849fc3c47b8759ea119135c3597c,0,0,0,0
15311,UserwithoutdiscordName,0x56505fbd0f287dc4d01f0ed1f299def0f3f74db3,0,0,0,0
15315,Avrahmtiosimio#7635,0x2119bff5660a5c61eaf7b2583df6ad8f39a9d08d,0,0,0,0
15358,NFTLoser#3028,0x1b33b9d0322d84434cc217c76611902515db8b5c,0,0,0,0
15421,Reeve,0x04b35762a0f4b984a1fee73c1854f7af2fc17e59,0,0,0,0
15501,shushu#9272,0xacc261f95c552386da8350a6fffe3a0b9ca67e0b,0,0,0,0
15502,DiCourt#2065,0x06cd65a1e3e7724cdd270636e763872dd6e06315,0,0,0,0
15503,jerrodc.eth,0x0815314f4666b59c7ef3e13eaa8d9605bf12cc2c,0,0,0,0
15876,cevanc,0x01e9691e235aa57f0f55c1ed39ab9c5bad517181,0,0,0,0
15357,d1r1ck#2356,0x53a16d200056a612d74ed8feaa8232103735f7eb,0,0,0,0